,,"Bước 1",,,,,,,,,,"Bước 2",,,,,,,,,,"Bước 3",,,,,,,,,,"Bước 4",,,,,,,,,,,"Bước 5",,,,,,,,
Ngày,"Cơ sở","Đầu ngày",Mới,"Xử lý","Cuối ngày",24H,"Quá 24H",OUT,Chờ,Mất,,"Đầu ngày",Mới,"Xử lý","Cuối ngày","Sắp KT","Quá hạn",Out,Chờ,Mất,,"Đầu ngày",Mới,"Xử lý","Cuối ngày","Ktra 48H","Quá 48H","Không chấm",Chờ,Mất,,"Đầu ngày",Mới,"Xử lý","Cuối ngày","Chưa liên lạc","Lần 1","Lần 2","Lần 3",Chờ,Mất,,"Đầu ngày",Mới,"Xử lý","Cuối ngày","Sắp N.Học","Quá hạn N.Học","Thất bại",Chờ,Mất
2021-06-03,TDH,9,3,7,5,0,2,3,0,0,,11,9,2,18,8,0,10,0,0,,18,3,3,18,2,10,6,0,0,,19,6,3,22,20,0,0,2,0,0,,7,6,0,13,3,10,0,0,0,
2021-06-03,PTT,9,0,0,9,0,9,0,0,0,,20,0,0,20,0,20,0,0,0,,2,0,1,1,0,0,1,0,0,,9,1,0,10,9,0,0,1,0,0,,0,0,0,0,0,0,0,0,0,
2021-06-03,DQ,1,1,1,1,0,1,0,0,0,,8,1,0,9,3,4,2,0,0,,11,0,0,11,0,7,4,0,0,,2,0,0,2,0,0,0,2,0,0,,11,0,0,11,0,11,0,0,0,
2021-06-03,TY,2,3,3,2,0,1,1,0,0,,20,3,0,23,5,16,2,0,0,,25,0,25,0,0,0,0,0,0,,1,25,0,26,0,27,0,0,0,0,,0,0,0,0,0,0,0,0,0,
2021-06-04,TDH,5,1,0,6,1,2,3,0,0,,18,0,1,17,7,0,10,0,0,,18,1,1,18,1,11,6,0,0,,22,1,0,23,21,0,0,2,0,0,,13,0,0,13,0,13,0,0,0,

2021-06-04,PTT,9,0,0,9,0,9,0,0,0,,19,0,0,19,0,19,0,0,0,,2,0,1,1,0,0,1,0,0,,10,1,0,11,10,0,0,1,0,0,,0,0,0,0,0,0,0,0,0,
2021-06-04,DQ,1,0,0,1,0,1,0,0,0,,6,0,1,5,3,0,2,0,0,,11,1,1,11,1,7,3,0,0,,2,1,0,3,1,0,0,2,0,0,,11,0,0,11,0,11,0,0,0,
2021-06-04,TY,1,6,6,1,0,0,1,0,0,,23,6,0,29,8,19,2,0,0,,1,0,1,0,0,0,0,0,0,,26,1,0,27,1,25,0,2,0,0,,0,0,0,0,0,0,0,0,0,
2021-06-05,TDH,6,6,6,6,1,2,3,0,0,,16,6,0,22,7,5,10,0,0,,19,0,1,18,0,12,6,0,0,,23,1,0,24,22,0,0,2,0,0,,13,0,0,13,0,13,0,0,0,

2021-06-05,PTT,9,2,2,9,0,9,0,0,0,,19,2,0,21,0,21,0,0,0,,1,0,0,1,0,0,1,0,0,,11,0,0,11,10,0,0,1,0,0,,0,0,0,0,0,0,0,0,0,
2021-06-05,DQ,1,0,0,1,0,1,0,0,0,,5,0,0,5,3,0,2,0,0,,11,0,0,11,0,8,3,0,0,,3,0,0,3,1,0,0,2,0,0,,11,0,0,11,0,11,0,0,0,
2021-06-05,TY,1,7,7,1,0,0,1,0,0,,29,7,0,36,5,29,2,0,0,,0,0,0,0,0,0,0,0,0,,27,0,0,27,1,25,0,2,0,0,,0,0,0,0,0,0,0,0,0,
2021-06-06,TDH,9,4,6,7,2,2,3,0,0,,16,6,1,21,10,1,10,0,0,,18,1,1,18,1,11,6,0,0,,21,1,0,22,20,0,0,2,0,0,,13,0,0,13,0,13,0,0,0,

2021-06-06,PTT,9,4,4,9,0,9,0,0,0,,21,4,0,25,0,25,0,0,0,,1,0,0,1,0,0,1,0,0,,11,0,0,11,10,0,0,1,0,0,,0,0,0,0,0,0,0,0,0,
2021-06-06,DQ,1,2,0,3,2,1,0,0,0,,5,0,0,5,0,3,2,0,0,,10,0,3,7,0,4,3,0,0,,3,3,0,6,4,0,0,2,0,0,,10,0,0,10,0,10,0,0,0,
2021-06-06,TY,4,0,3,1,0,0,1,0,0,,36,3,0,39,3,34,2,0,0,,0,0,0,0,0,0,0,0,0,,26,0,0,26,0,25,0,2,0,0,,0,0,0,0,0,0,0,0,0,
2021-06-07,TDH,7,1,2,6,1,2,3,0,0,,26,2,0,28,15,3,10,0,0,,21,0,6,15,0,9,6,0,0,,18,6,0,24,22,0,0,2,0,0,,18,0,0,18,0,18,0,0,0,

2021-06-07,PTT,11,0,0,11,0,11,0,0,0,,25,0,0,25,0,25,0,0,0,,1,0,0,1,0,0,1,0,0,,11,0,0,11,10,0,0,1,0,0,,0,0,0,0,0,0,0,0,0,
2021-06-07,DQ,3,6,6,3,2,1,0,0,0,,8,6,0,14,6,6,2,0,0,,6,0,0,6,0,3,3,0,0,,5,0,0,5,3,0,0,2,0,0,,11,0,0,11,0,11,0,0,0,
2021-06-07,TY,1,4,4,1,0,0,1,0,0,,44,4,0,48,5,41,2,0,0,,5,0,5,0,0,0,0,0,0,,27,5,1,31,5,25,0,2,0,0,,1,1,0,2,1,1,0,0,0,
2021-06-08,TDH,8,3,6,5,0,0,5,0,0,,19,6,2,23,10,7,6,0,0,,20,2,5,17,2,9,6,0,0,,22,5,1,26,19,5,0,2,0,0,,21,1,0,22,1,21,0,0,0,

2021-06-08,PTT,2,6,8,0,0,0,0,0,0,,1,8,0,9,8,1,0,0,0,,1,1,2,0,0,0,0,0,0,,8,3,3,8,8,0,0,0,0,0,,2,4,0,6,3,3,0,0,0,
2021-06-08,DQ,1,3,3,1,0,0,1,0,0,,10,3,1,12,1,8,3,0,0,,10,2,5,7,1,3,3,0,0,,2,5,0,7,4,1,0,2,0,0,,13,0,0,13,0,13,0,0,0,
2021-06-08,TY,11,2,13,0,0,0,0,0,0,,23,13,14,22,13,9,0,0,0,,3,14,3,14,14,0,0,0,0,,9,3,3,9,0,0,2,7,0,0,,17,3,0,20,3,17,0,0,0,
2021-06-09,TDH,7,2,4,5,0,0,5,0,0,,19,7,14,12,5,5,2,0,0,,30,14,16,28,13,8,7,0,0,,7,17,3,21,1,14,4,2,0,0,,19,4,0,23,3,20,0,0,0,

2021-06-09,PTT,4,2,4,2,2,0,0,0,0,,4,5,1,8,6,2,0,0,0,,0,1,0,1,1,0,0,0,0,,8,0,0,8,8,0,0,0,0,0,,3,0,0,3,0,3,0,0,0,
2021-06-09,DQ,1,0,0,1,0,0,1,0,0,,8,0,5,3,0,0,3,0,0,,10,6,4,12,5,4,3,0,0,,3,4,0,7,0,5,0,2,0,0,,9,0,0,9,0,9,0,0,0,
2021-06-09,TY,7,6,13,0,0,0,0,0,0,,18,13,1,30,24,3,3,0,0,,7,1,4,4,1,3,0,0,0,,15,4,6,13,4,0,2,7,0,0,,20,6,0,26,6,20,0,0,0,
2021-06-10,TDH,5,13,13,5,0,0,5,0,0,,12,18,9,21,1,18,2,0,0,,30,9,2,37,9,21,7,0,0,,17,4,2,19,1,10,5,3,0,0,,22,4,0,26,2,24,0,0,0,

2021-06-10,PTT,4,1,5,0,0,0,0,0,0,,6,5,2,9,9,0,0,0,0,,2,2,1,3,2,1,0,0,0,,4,1,0,5,4,1,0,0,0,0,,1,0,0,1,0,1,0,0,0,
2021-06-10,DQ,1,0,0,1,0,0,1,0,0,,3,0,0,3,0,0,3,0,0,,12,0,0,12,0,9,3,0,0,,7,0,0,7,0,5,0,2,0,0,,9,0,0,9,0,9,0,0,0,
2021-06-10,TY,0,5,5,0,0,0,0,0,0,,25,5,0,30,21,0,9,0,0,,0,0,0,0,0,0,0,0,0,,14,0,5,9,0,0,0,9,0,0,,21,5,0,26,5,21,0,0,0,
2021-06-11,TDH,5,4,3,6,1,0,5,0,0,,9,6,3,12,3,7,2,0,0,,36,4,1,39,3,29,7,0,0,,19,1,1,19,1,10,5,3,0,0,,27,1,0,28,1,27,0,0,0,

2021-06-11,PTT,3,6,9,0,0,0,0,0,0,,6,9,0,15,15,0,0,0,0,,0,0,0,0,0,0,0,0,0,,6,0,1,5,4,1,0,0,0,0,,0,1,0,1,1,0,0,0,0,
2021-06-11,DQ,2,1,2,1,0,0,1,0,0,,3,2,0,5,2,0,3,0,0,,12,0,0,12,0,9,3,0,0,,7,0,0,7,0,5,0,2,0,0,,9,0,0,9,0,9,0,0,0,
2021-06-11,TY,8,4,11,1,1,0,0,0,0,,21,11,2,30,23,0,7,0,0,,0,2,0,2,2,0,0,0,0,,9,0,0,9,0,0,0,9,0,0,,24,0,0,24,0,24,0,0,0,
2021-06-12,TDH,6,0,1,5,0,0,5,0,0,,10,3,2,11,4,3,4,0,0,,37,2,3,36,2,27,7,0,0,,18,3,1,20,3,9,5,3,0,0,,28,1,0,29,1,28,0,0,0,

2021-06-12,PTT,0,3,3,0,0,0,0,0,0,,14,3,0,17,10,7,0,0,0,,1,0,1,0,0,0,0,0,0,,3,1,0,4,4,0,0,0,0,0,,3,0,0,3,0,3,0,0,0,
2021-06-12,DQ,1,1,1,1,0,0,1,0,0,,4,1,0,5,2,0,3,0,0,,13,0,3,10,0,7,3,0,0,,6,3,1,8,3,3,0,2,0,0,,9,1,0,10,1,9,0,0,0,
2021-06-12,TY,1,1,2,0,0,0,0,0,0,,29,2,4,27,20,0,7,0,0,,0,4,0,4,4,0,0,0,0,,12,0,3,9,0,0,0,9,0,0,,24,3,0,27,3,24,0,0,0,
2021-06-13,TDH,5,4,2,7,2,0,5,0,0,,11,6,5,12,3,5,4,0,0,,36,8,8,36,5,24,7,0,0,,20,8,2,26,5,13,5,3,0,0,,27,2,0,29,2,27,0,0,0,

2021-06-13,PTT,0,2,1,1,1,0,0,0,0,,9,1,2,8,3,5,0,0,0,,5,3,6,2,2,0,0,0,0,,4,6,1,9,9,0,0,0,0,0,,3,1,0,4,1,3,0,0,0,
2021-06-13,DQ,1,4,3,2,0,0,2,0,0,,4,3,0,7,4,0,3,0,0,,11,0,1,10,0,7,3,0,0,,7,2,2,7,1,4,0,2,0,0,,7,3,0,10,2,8,0,0,0,
2021-06-13,TY,4,1,5,0,0,0,0,0,0,,23,5,0,28,19,0,9,0,0,,4,0,1,3,0,3,0,0,0,,10,1,1,10,0,0,0,10,0,0,,23,1,0,24,1,23,0,0,0,
2021-06-14,TDH,6,0,0,6,0,1,5,0,0,,11,1,2,10,1,5,4,0,0,,34,3,3,34,2,25,7,0,0,,26,3,2,27,7,11,4,5,0,0,,29,2,0,31,2,29,0,0,0,

2021-06-14,PTT,7,0,6,1,0,1,0,0,0,,1,6,0,7,7,0,0,0,0,,2,0,0,2,0,2,0,0,0,,9,0,0,9,9,0,0,0,0,0,,4,0,0,4,0,4,0,0,0,
2021-06-14,DQ,4,6,8,2,0,0,2,0,0,,7,8,0,15,12,0,3,0,0,,10,0,0,10,0,7,3,0,0,,6,0,0,6,0,4,0,2,0,0,,9,0,0,9,0,9,0,0,0,
2021-06-14,TY,2,6,8,0,0,0,0,0,0,,23,8,0,31,15,4,12,0,0,,0,0,0,0,0,0,0,0,0,,16,0,6,10,0,0,0,10,0,0,,23,6,0,29,6,23,0,0,0,
2021-06-15,TDH,7,0,2,5,0,0,5,0,0,,10,4,2,12,3,5,4,0,0,,36,2,4,34,2,25,7,0,0,,19,4,0,23,1,12,4,6,0,0,,32,0,0,32,0,32,0,0,0,

2021-06-15,PTT,0,4,4,0,0,0,0,0,0,,6,5,1,10,7,2,1,0,0,,2,1,1,2,1,1,0,0,0,,6,1,1,6,4,0,0,2,0,0,,8,1,0,9,1,8,0,0,0,
2021-06-15,DQ,2,4,4,2,0,0,2,0,0,,15,4,0,19,14,2,3,0,0,,10,0,0,10,0,7,3,0,0,,6,0,0,6,0,4,0,2,0,0,,9,0,0,9,0,9,0,0,0,
2021-06-15,TY,0,2,2,0,0,0,0,0,0,,21,2,0,23,16,3,4,0,0,,0,0,0,0,0,0,0,0,0,,10,0,0,10,0,0,0,10,0,0,,15,0,0,15,0,15,0,0,0,
2021-06-16,TDH,5,1,1,5,0,0,5,0,0,,10,1,0,11,2,5,4,0,0,,35,1,4,32,0,25,7,0,0,,21,4,0,25,5,10,4,6,0,0,,32,0,0,32,0,32,0,0,0,

2021-06-16,PTT,2,1,2,1,1,0,0,0,0,,8,2,0,10,7,2,1,0,0,,1,0,0,1,0,1,0,0,0,,7,0,1,6,4,0,0,2,0,0,,9,1,0,10,1,9,0,0,0,
2021-06-16,DQ,2,1,1,2,0,0,2,0,0,,15,1,5,11,6,2,3,0,0,,11,6,2,15,5,7,3,0,0,,7,2,2,7,2,3,0,2,0,0,,10,2,0,12,2,10,0,0,0,
2021-06-16,TY,4,5,9,0,0,0,0,0,0,,18,10,5,23,17,2,4,0,0,,0,5,0,5,5,0,0,0,0,,10,0,0,10,0,0,0,10,0,0,,15,0,0,15,0,15,0,0,0,
2021-06-17,TDH,5,0,0,5,0,0,5,0,0,,11,3,3,11,1,6,4,0,0,,30,4,3,31,3,21,7,0,0,,25,3,2,26,6,6,4,10,0,0,,33,2,0,35,2,33,0,0,0,

2021-06-17,PTT,1,3,4,0,0,0,0,0,0,,7,4,1,10,4,3,3,0,0,,1,1,0,2,1,0,1,0,0,,5,0,1,4,2,0,0,2,0,0,,10,1,0,11,1,10,0,0,0,
2021-06-17,DQ,2,1,1,2,0,0,2,0,0,,11,1,0,12,4,5,3,0,0,,15,0,0,15,0,12,3,0,0,,7,0,0,7,2,3,0,2,0,0,,12,0,0,12,0,12,0,0,0,
2021-06-17,TY,0,11,11,0,0,0,0,0,0,,21,11,0,32,19,9,4,0,0,,4,0,2,2,0,2,0,0,0,,10,2,0,12,2,0,0,10,0,0,,13,0,0,13,0,13,0,0,0,
2021-06-18,TDH,5,0,0,5,0,0,5,0,0,,10,1,2,9,1,4,4,0,0,,31,2,0,33,2,24,7,0,0,,26,0,0,26,6,6,4,10,0,0,,35,0,0,35,0,35,0,0,0,

2021-06-18,PTT,0,0,0,0,0,0,0,0,0,,8,0,1,7,2,3,2,0,0,,3,1,2,2,1,1,0,0,0,,4,2,0,6,1,0,0,5,0,0,,11,0,0,11,0,11,0,0,0,
2021-06-18,DQ,2,3,3,2,0,0,2,0,0,,11,3,2,12,4,4,4,0,0,,15,4,6,13,2,8,3,0,0,,8,6,1,13,8,3,0,2,0,0,,12,1,0,13,1,12,0,0,0,
2021-06-18,TY,15,1,16,0,0,0,0,0,0,,13,16,0,29,22,3,4,0,0,,3,0,3,0,0,0,0,0,0,,11,3,0,14,4,0,0,10,0,0,,7,0,0,7,0,7,0,0,0,
2021-06-19,TDH,5,2,1,6,1,0,5,0,0,,8,3,2,9,2,3,4,0,0,,31,3,3,31,2,22,7,0,0,,28,7,7,28,8,6,4,10,0,0,,29,11,0,40,7,33,0,0,0,

2021-06-19,PTT,0,5,5,0,0,0,0,0,0,,7,5,0,12,5,5,2,0,0,,2,0,0,2,0,2,0,0,0,,6,1,1,6,2,0,0,4,0,0,,3,2,0,5,1,4,0,0,0,
2021-06-19,DQ,3,1,1,3,0,0,3,0,0,,7,1,1,7,1,4,2,0,0,,12,2,2,12,1,8,3,0,0,,10,2,3,9,3,4,0,2,0,0,,17,3,0,20,3,17,0,0,0,
2021-06-19,TY,1,3,4,0,0,0,0,0,0,,26,4,2,28,24,0,4,0,0,,0,2,0,2,2,0,0,0,0,,11,0,0,11,0,0,0,11,0,0,,10,0,0,10,0,10,0,0,0,
2021-06-20,TDH,5,0,0,5,0,0,5,0,0,,10,2,4,8,1,3,4,0,0,,37,4,9,32,4,21,7,0,0,,21,9,0,30,5,10,5,10,0,0,,26,0,0,26,0,26,0,0,0,

2021-06-20,PTT,0,0,0,0,0,0,0,0,0,,11,0,0,11,3,4,4,0,0,,2,0,0,2,0,2,0,0,0,,7,0,1,6,1,0,0,5,0,0,,5,1,0,6,1,5,0,0,0,
2021-06-20,DQ,3,0,0,3,0,0,3,0,0,,7,0,0,7,1,4,2,0,0,,12,0,0,12,0,9,3,0,0,,7,0,0,7,1,4,0,2,0,0,,15,0,0,15,0,15,0,0,0,
2021-06-20,TY,0,3,3,0,0,0,0,0,0,,28,3,0,31,20,7,4,0,0,,1,0,0,1,0,1,0,0,0,,11,0,0,11,0,0,0,11,0,0,,8,0,0,8,0,8,0,0,0,
2021-06-21,TDH,6,4,5,5,0,0,5,0,0,,8,5,0,13,5,4,4,0,0,,30,0,0,30,0,23,7,0,0,,32,0,3,29,4,10,5,10,0,0,,23,3,0,26,3,23,0,0,0,

2021-06-21,PTT,0,2,2,0,0,0,0,0,0,,11,2,0,13,3,6,4,0,0,,2,0,0,2,0,2,0,0,0,,6,0,0,6,1,0,0,5,0,0,,6,0,0,6,0,6,0,0,0,
2021-06-21,DQ,3,1,0,4,1,0,3,0,0,,7,0,0,7,1,4,2,0,0,,12,0,0,12,0,9,3,0,0,,7,0,0,7,1,4,0,2,0,0,,12,0,0,12,0,12,0,0,0,
2021-06-21,TY,8,9,17,0,0,0,0,0,0,,18,17,2,33,27,2,4,0,0,,1,3,2,2,2,0,0,0,0,,11,2,0,13,2,0,0,11,0,0,,7,0,0,7,0,7,0,0,0,
2021-06-22,TDH,5,0,0,5,0,0,5,0,0,,13,1,2,12,4,4,4,0,0,,30,2,0,32,2,23,7,0,0,,28,0,0,28,3,10,5,10,0,0,,27,0,0,27,0,27,0,0,0,

2021-06-22,PTT,1,0,1,0,0,0,0,0,0,,12,1,0,13,4,9,0,0,0,,2,0,0,2,0,2,0,0,0,,6,0,0,6,1,0,0,5,0,0,,6,0,0,6,0,6,0,0,0,
2021-06-22,DQ,4,1,1,4,1,0,3,0,0,,7,1,0,8,2,4,2,0,0,,12,0,1,11,0,8,3,0,0,,7,1,0,8,2,4,0,2,0,0,,12,0,0,12,0,12,0,0,0,
2021-06-22,TY,8,3,11,0,0,0,0,0,0,,24,11,0,35,31,1,3,0,0,,3,0,2,1,0,1,0,0,0,,13,2,0,15,4,0,0,11,0,0,,7,0,0,7,0,7,0,0,0,
2021-06-23,TDH,5,2,2,5,0,0,5,0,0,,12,7,5,14,4,6,4,0,0,,33,5,5,33,5,21,7,0,0,,24,5,0,29,7,7,6,10,0,0,,29,0,0,29,0,29,0,0,0,

2021-06-23,PTT,0,6,6,0,0,0,0,0,0,,13,6,0,19,4,15,0,0,0,,2,0,0,2,0,2,0,0,0,,6,0,0,6,1,0,0,5,0,0,,6,0,0,6,0,6,0,0,0,
2021-06-23,DQ,4,10,11,3,0,0,3,0,0,,8,11,0,19,12,5,2,0,0,,11,0,0,11,0,8,3,0,0,,8,0,0,8,2,4,0,2,0,0,,12,0,0,12,0,12,0,0,0,
2021-06-23,TY,0,7,7,0,0,0,0,0,0,,32,7,2,37,30,4,3,0,0,,3,2,2,3,2,1,0,0,0,,15,2,1,16,5,0,0,11,0,0,,8,1,0,9,1,8,0,0,0,
2021-06-24,TDH,5,1,1,5,0,0,5,0,0,,14,4,3,15,4,7,4,0,0,,33,3,1,35,3,25,7,0,0,,29,1,0,30,8,7,6,10,0,0,,22,0,0,22,0,22,0,0,0,

2021-06-24,PTT,0,1,1,0,0,0,0,0,0,,19,1,0,20,5,15,0,0,0,,2,0,0,2,0,2,0,0,0,,6,0,0,6,1,0,0,5,0,0,,6,0,0,6,0,6,0,0,0,
2021-06-24,DQ,3,2,2,3,0,0,3,0,0,,19,2,0,21,12,7,2,0,0,,11,0,0,11,0,8,3,0,0,,8,0,0,8,2,4,0,2,0,0,,11,0,0,11,0,11,0,0,0,
2021-06-24,TY,0,3,3,0,0,0,0,0,0,,36,3,1,38,23,12,3,0,0,,2,1,1,2,1,1,0,0,0,,16,1,0,17,6,0,0,11,0,0,,9,0,0,9,0,9,0,0,0,
2021-06-25,TDH,10,4,9,5,0,0,5,0,0,,9,9,0,18,12,2,4,0,0,,36,0,1,35,0,28,7,0,0,,29,1,0,30,7,8,6,10,0,0,,22,0,0,22,0,22,0,0,0,

2021-06-25,PTT,0,8,6,2,2,0,0,0,0,,20,6,0,26,5,21,0,0,0,,2,0,0,2,0,2,0,0,0,,6,1,1,6,1,0,0,5,0,0,,5,2,0,7,1,6,0,0,0,
2021-06-25,DQ,5,6,8,3,0,0,3,0,0,,16,8,2,22,11,9,2,0,0,,14,2,3,13,2,8,3,0,0,,8,3,0,11,5,4,0,2,0,0,,11,0,0,11,0,11,0,0,0,
2021-06-25,TY,10,8,18,0,0,0,0,0,0,,28,18,0,46,26,18,2,0,0,,1,0,0,1,0,1,0,0,0,,16,0,1,15,4,0,0,11,0,0,,9,1,0,10,1,9,0,0,0,
2021-06-26,TDH,5,43,42,6,1,0,5,0,0,,17,43,2,58,11,43,4,0,0,,36,2,5,33,2,24,7,0,0,,28,5,0,33,10,8,6,10,0,0,,14,0,0,14,0,14,0,0,0,

2021-06-26,PTT,2,5,5,2,1,1,0,0,0,,20,5,0,25,10,15,0,0,0,,2,0,0,2,0,2,0,0,0,,6,0,0,6,1,0,0,5,0,0,,6,0,0,6,0,6,0,0,0,
2021-06-26,DQ,3,8,7,4,1,0,3,0,0,,20,8,2,26,13,11,2,0,0,,15,3,6,12,2,7,3,0,0,,10,6,0,16,10,4,0,2,0,0,,11,0,0,11,0,11,0,0,0,
2021-06-26,TY,2,9,11,0,0,0,0,0,0,,45,11,0,56,30,24,2,0,0,,1,0,0,1,0,1,0,0,0,,15,0,0,15,4,0,0,11,0,0,,10,0,0,10,0,10,0,0,0,
2021-06-27,TDH,6,2,3,5,0,0,5,0,0,,18,3,1,20,14,2,4,0,0,,33,1,0,34,1,26,7,0,0,,32,0,0,32,10,8,6,10,0,0,,14,0,0,14,0,14,0,0,0,

2021-06-27,PTT,4,0,3,1,0,1,0,0,0,,21,3,2,22,9,13,0,0,0,,2,2,0,4,2,2,0,0,0,,7,0,1,6,1,0,0,5,0,0,,6,1,0,7,1,6,0,0,0,
2021-06-27,DQ,6,4,7,3,0,0,3,0,0,,26,7,1,32,16,14,2,0,0,,11,1,1,11,1,7,3,0,0,,15,1,1,15,9,4,0,2,0,0,,13,1,0,14,1,13,0,0,0,
2021-06-27,TY,6,4,9,1,1,0,0,0,0,,50,9,1,58,37,19,2,0,0,,1,1,0,2,1,1,0,0,0,,14,0,0,14,3,0,0,11,0,0,,10,0,0,10,0,10,0,0,0,
2021-06-28,TDH,5,4,4,5,0,0,5,0,0,,18,7,6,19,8,7,4,0,0,,35,7,3,39,6,26,7,0,0,,29,3,1,31,8,9,6,10,0,0,,17,1,0,18,1,17,0,0,0,

2021-06-28,PTT,0,3,3,0,0,0,0,0,0,,20,3,0,23,7,18,0,0,0,,2,0,0,2,0,2,0,0,0,,2,0,2,0,5,0,0,0,0,0,,8,2,0,10,2,8,0,0,0,
2021-06-28,DQ,3,5,5,3,0,0,3,0,0,,26,6,3,29,15,12,2,0,0,,12,3,1,14,3,8,3,0,0,,12,1,0,13,8,4,0,2,0,0,,15,0,0,15,0,15,0,0,0,
2021-06-28,TY,7,11,18,0,0,0,0,0,0,,58,18,4,72,50,20,2,0,0,,2,4,0,6,4,2,0,0,0,,13,0,0,13,2,0,0,11,0,0,,10,0,0,10,0,10,0,0,0,
2021-06-29,TDH,5,11,10,6,1,0,5,0,0,,19,13,4,28,11,13,4,0,0,,38,6,7,37,4,26,7,0,0,,31,7,1,37,12,11,6,10,0,0,,19,1,0,20,1,19,0,0,0,

2021-06-29,PTT,2,6,8,0,0,0,0,0,0,,11,8,0,19,10,12,0,0,0,,1,0,1,0,0,0,0,0,0,,8,4,11,1,6,0,0,0,0,0,,7,14,0,21,11,10,0,0,0,
2021-06-29,DQ,3,4,4,3,0,0,3,0,0,,29,4,0,33,19,12,2,0,0,,14,0,1,13,0,10,3,0,0,,13,1,0,14,9,4,0,2,0,0,,15,0,0,15,0,15,0,0,0,
2021-06-29,TY,9,4,13,0,0,0,0,0,0,,62,13,10,65,40,23,2,0,0,,6,10,0,16,10,6,0,0,0,,13,0,0,13,2,0,0,11,0,0,,10,0,0,10,0,10,0,0,0,
2021-06-30,TDH,6,5,4,7,1,1,5,0,0,,27,5,1,31,14,13,4,0,0,,37,1,7,31,1,24,7,0,0,,36,7,2,41,14,13,6,10,0,0,,21,2,0,23,2,21,0,0,0,

2021-06-30,PTT,0,2,1,1,1,0,0,0,0,,16,1,1,16,6,13,0,0,0,,0,1,0,1,1,0,0,0,0,,3,0,3,0,5,0,0,0,0,0,,21,3,0,24,3,21,0,0,0,
2021-06-30,DQ,14,3,14,3,0,0,3,0,0,,20,14,1,33,26,5,2,0,0,,18,1,6,13,1,9,3,0,0,,11,6,0,17,9,7,0,2,0,0,,15,0,0,15,0,15,0,0,0,
2021-06-30,TY,3,5,8,0,0,0,0,0,0,,57,8,2,63,34,27,2,0,0,,21,2,8,15,2,13,0,0,0,,13,9,1,21,10,0,0,11,0,0,,9,2,0,11,1,10,0,0,0,
2021-07-01,TDH,6,11,9,8,2,1,5,0,0,,31,9,2,38,11,23,4,0,0,,31,2,1,32,2,24,7,0,0,,41,1,0,42,15,13,6,10,0,0,,23,0,0,23,0,23,0,0,0,

2021-07-01,PTT,2,5,5,2,1,1,0,0,0,,15,5,5,15,4,14,0,0,0,,1,5,0,6,5,1,0,0,0,,0,0,0,0,5,0,0,0,0,0,,24,0,0,24,0,24,0,0,0,
2021-07-01,DQ,3,0,0,3,0,0,3,0,0,,33,0,0,33,21,10,2,0,0,,13,0,0,13,0,10,3,0,0,,17,0,0,17,9,7,0,2,0,0,,15,0,0,15,0,15,0,0,0,
2021-07-01,TY,0,19,19,0,0,0,0,0,0,,62,19,0,81,32,47,2,0,0,,15,0,0,15,0,15,0,0,0,,21,0,0,21,10,0,0,11,0,0,,11,0,0,11,0,11,0,0,0,
2021-07-02,TDH,18,10,22,6,0,1,5,0,0,,25,25,7,43,23,18,4,0,0,,34,7,3,38,7,25,7,0,0,,42,3,0,45,18,13,6,10,0,0,,23,0,0,23,0,23,0,0,0,

2021-07-02,PTT,1,0,1,0,0,0,0,0,0,,13,1,0,14,5,14,0,0,0,,6,0,0,6,0,6,0,0,0,,0,0,0,0,5,0,0,0,0,0,,21,0,0,21,0,21,0,0,0,
2021-07-02,DQ,10,6,13,3,0,0,3,0,0,,25,13,0,38,29,7,2,0,0,,13,0,3,10,0,7,3,0,0,,17,3,1,19,12,6,0,2,0,0,,16,1,0,17,1,16,0,0,0,
2021-07-02,TY,3,7,10,0,0,0,0,0,0,,65,10,5,70,36,32,2,0,0,,3,6,3,6,5,1,0,0,0,,24,3,13,14,3,0,0,11,0,0,,20,13,0,33,13,20,0,0,0,
2021-07-03,TDH,7,3,4,6,0,1,5,0,0,,39,4,3,40,19,19,4,0,0,,40,3,7,36,3,27,7,0,0,,41,7,1,47,20,13,6,10,0,0,,20,1,0,21,1,20,0,0,0,

2021-07-03,PTT,2,5,6,1,1,0,0,0,0,,13,6,0,19,10,14,0,0,0,,5,0,1,4,0,4,0,0,0,,0,1,0,1,7,0,0,0,0,0,,20,0,0,20,0,20,0,0,0,
2021-07-03,DQ,3,12,12,3,0,0,3,0,0,,34,12,0,46,31,14,2,0,0,,12,1,3,10,0,7,3,0,0,,19,3,1,21,14,6,0,2,0,0,,17,1,0,18,1,17,0,0,0,
2021-07-03,TY,4,15,19,0,0,0,0,0,0,,64,19,2,81,44,35,2,0,0,,7,2,1,8,2,6,0,0,0,,14,1,0,15,4,0,0,11,0,0,,33,0,0,33,0,33,0,0,0,
2021-07-04,TDH,9,5,6,8,2,1,5,0,0,,25,9,7,27,14,11,4,0,0,,39,7,5,41,7,29,7,0,0,,40,6,3,43,16,13,6,10,0,0,,27,4,0,31,3,28,0,0,0,

2021-07-04,PTT,0,0,0,0,0,0,0,0,0,,14,1,13,2,1,9,0,0,0,,4,13,0,17,13,4,0,0,0,,2,0,2,0,7,0,0,0,0,0,,20,2,0,22,2,20,0,0,0,
2021-07-04,DQ,6,4,6,4,2,0,2,0,0,,36,6,3,39,35,4,2,0,0,,11,4,2,13,3,7,3,0,0,,19,3,1,21,14,6,0,2,0,0,,18,2,0,20,1,19,0,0,0,
2021-07-04,TY,8,8,16,0,0,0,0,0,0,,81,16,0,97,56,39,2,0,0,,8,0,0,8,0,8,0,0,0,,15,0,0,15,4,0,0,11,0,0,,33,0,0,33,0,33,0,0,0,
2021-07-05,TDH,8,1,3,6,0,1,5,0,0,,21,6,9,18,16,4,2,0,0,,41,10,5,46,9,34,6,0,0,,42,5,5,42,15,14,4,11,0,0,,29,5,0,34,5,29,0,0,0,

2021-07-05,PTT,0,1,0,1,1,0,0,0,0,,2,2,2,2,1,9,0,0,0,,17,2,0,19,2,17,0,0,0,,0,0,0,0,7,0,0,0,0,0,,22,0,0,22,0,22,0,0,0,
2021-07-05,DQ,14,0,12,2,0,0,2,0,0,,22,12,0,34,30,6,2,0,0,,15,0,2,13,0,10,3,0,0,,18,2,2,18,12,6,0,2,0,0,,22,2,0,24,2,22,0,0,0,
2021-07-05,TY,4,7,11,0,0,0,0,0,0,,89,11,1,99,42,55,2,0,0,,7,1,0,8,1,7,0,0,0,,15,0,0,15,4,0,0,11,0,0,,31,0,0,31,0,31,0,0,0,
2021-07-06,TDH,6,1,1,6,0,1,5,0,0,,19,2,3,18,15,5,2,0,0,,45,3,0,48,3,42,6,0,0,,38,0,1,37,14,13,4,11,0,0,,35,1,0,36,1,35,0,0,0,

2021-07-06,PTT,0,0,0,0,1,0,0,0,0,,3,6,7,2,1,9,0,0,0,,17,7,1,23,7,16,0,0,0,,2,1,2,1,8,0,0,0,0,0,,22,2,0,24,2,22,0,0,0,
2021-07-06,DQ,4,2,4,2,0,0,2,0,0,,31,4,0,35,32,5,2,0,0,,13,0,0,13,0,10,3,0,0,,16,0,0,16,11,6,0,2,0,0,,25,0,0,25,0,25,0,0,0,
2021-07-06,TY,0,6,6,0,0,0,0,0,0,,99,6,0,105,40,63,2,0,0,,8,0,0,8,0,8,0,0,0,,15,0,0,15,4,0,0,11,0,0,,31,0,0,31,0,31,0,0,0,
2021-07-07,TDH,7,5,5,7,1,1,5,0,0,,14,7,5,16,11,7,2,0,0,,49,8,6,51,5,43,6,0,0,,37,7,2,42,19,13,4,11,0,0,,36,3,0,39,2,37,0,0,0,

2021-07-07,PTT,0,0,0,0,0,1,0,0,0,,3,0,1,2,0,10,0,0,0,,23,1,1,23,1,22,0,0,0,,0,1,0,1,8,0,0,0,0,0,,24,0,0,24,0,24,0,0,0,
2021-07-07,DQ,2,0,0,2,0,0,2,0,0,,33,1,1,33,30,5,2,0,0,,14,1,1,14,1,10,3,0,0,,16,2,1,17,12,6,0,2,0,0,,24,2,0,26,1,25,0,0,0,
2021-07-07,TY,15,4,19,0,0,0,0,0,0,,64,19,0,83,43,38,2,0,0,,21,0,13,8,0,8,0,0,0,,15,13,0,28,17,0,0,11,0,0,,31,0,0,31,0,31,0,0,0,
2021-07-08,TDH,7,4,4,7,0,2,5,0,0,,13,5,2,16,14,4,2,0,0,,51,3,1,53,2,48,6,0,0,,42,1,0,43,20,13,4,11,0,0,,39,0,0,39,0,39,0,0,0,

2021-07-08,PTT,0,0,0,0,0,1,0,0,0,,2,0,0,2,0,10,0,0,0,,23,0,0,23,0,23,0,0,0,,1,0,0,1,8,0,0,0,0,0,,24,0,0,24,0,24,0,0,0,
2021-07-08,DQ,2,0,0,2,0,0,2,0,0,,33,0,0,33,30,5,2,0,0,,14,0,0,14,0,11,3,0,0,,17,0,0,17,12,6,0,2,0,0,,26,0,0,26,0,26,0,0,0,
2021-07-08,TY,18,0,18,0,0,0,0,0,0,,56,18,4,70,46,22,2,0,0,,14,4,14,4,4,0,0,0,0,,27,14,0,41,30,0,0,11,0,0,,31,0,0,31,0,31,0,0,0,
2021-07-09,TDH,7,4,1,10,4,1,5,0,0,,11,1,0,12,10,4,2,0,0,,56,0,5,51,0,48,6,0,0,,44,5,1,48,25,13,4,11,0,0,,39,1,0,40,1,39,0,0,0,

2021-07-09,PTT,0,1,1,0,0,1,0,0,0,,2,1,0,3,1,10,0,0,0,,23,0,0,23,0,23,0,0,0,,1,0,0,1,8,0,0,0,0,0,,24,0,0,24,0,24,0,0,0,
2021-07-09,DQ,6,3,6,3,1,0,2,0,0,,27,6,0,33,30,5,2,0,0,,16,2,5,13,0,10,3,0,0,,17,5,0,22,17,6,0,2,0,0,,26,0,0,26,0,26,0,0,0,
2021-07-09,TY,3,13,16,0,0,0,0,0,0,,64,16,2,78,40,36,2,0,0,,7,2,4,5,2,3,0,0,0,,41,4,0,45,34,0,0,11,0,0,,31,0,0,31,0,31,0,0,0,
2021-07-10,TDH,13,10,10,13,7,1,5,0,0,,9,15,7,17,15,4,2,0,0,,56,9,9,56,7,46,6,0,0,,38,9,0,47,20,14,8,11,0,0,,39,0,0,39,0,39,0,0,0,

2021-07-10,PTT,0,0,0,0,0,1,0,0,0,,3,0,0,3,1,10,0,0,0,,19,0,0,19,0,20,0,0,0,,3,0,2,1,8,0,0,0,0,0,,24,2,0,26,2,24,0,0,0,
2021-07-10,DQ,10,2,8,4,2,0,2,0,0,,25,8,1,32,29,5,2,0,0,,14,1,1,14,1,10,3,0,0,,19,2,1,20,15,6,0,2,0,0,,23,2,0,25,1,24,0,0,0,
2021-07-10,TY,10,4,13,1,1,0,0,0,0,,67,13,4,76,47,27,2,0,0,,5,4,0,9,4,5,0,0,0,,41,0,0,41,30,0,0,11,0,0,,29,0,0,29,0,29,0,0,0,
2021-07-11,TDH,12,3,8,7,1,1,5,0,0,,13,8,1,20,17,5,2,0,0,,56,1,1,56,1,52,6,0,0,,47,1,2,46,20,13,8,11,0,0,,40,2,0,42,2,40,0,0,0,

2021-07-11,PTT,0,1,0,1,1,1,0,0,0,,3,1,1,3,1,10,0,0,0,,18,1,1,18,1,18,0,0,0,,2,1,1,2,9,0,0,0,0,0,,26,1,0,27,1,26,0,0,0,
2021-07-11,DQ,7,9,6,10,8,0,2,0,0,,27,6,0,33,29,6,2,0,0,,14,0,1,13,0,10,3,0,0,,20,1,1,20,15,6,0,2,0,0,,22,1,0,23,1,22,0,0,0,
2021-07-11,TY,1,16,17,0,0,0,0,0,0,,76,17,0,93,58,33,2,0,0,,9,0,0,9,0,9,0,0,0,,41,0,0,41,30,0,0,11,0,0,,29,0,0,29,0,29,0,0,0,
2021-07-12,TDH,7,2,1,8,1,2,5,0,0,,20,4,17,7,1,8,2,0,0,,55,17,2,70,17,50,6,0,0,,44,2,1,45,19,13,8,11,0,0,,45,1,0,46,1,45,0,0,0,

2021-07-12,PTT,0,0,0,0,0,1,0,0,0,,4,3,4,3,1,10,0,0,0,,18,4,0,22,4,19,0,0,0,,1,0,0,1,8,0,0,0,0,0,,28,0,0,28,0,28,0,0,0,
2021-07-12,DQ,2,1,1,2,0,0,2,0,0,,36,2,34,4,1,6,1,0,0,,13,34,0,47,34,10,3,0,0,,19,0,0,19,14,6,0,2,0,0,,24,0,0,24,0,24,0,0,0,
2021-07-12,TY,9,11,20,0,0,0,0,0,0,,79,20,1,98,59,37,2,0,0,,5,1,3,3,1,2,0,0,0,,21,3,9,15,4,0,0,11,0,0,,50,9,0,59,9,50,0,0,0,
2021-07-13,TDH,7,4,4,7,0,2,5,0,0,,8,7,5,10,4,8,2,0,0,,70,5,1,74,5,66,6,0,0,,43,2,1,44,19,13,8,11,0,0,,46,2,0,48,1,47,0,0,0,

2021-07-13,PTT,0,0,0,0,0,1,0,0,0,,3,0,0,3,1,10,0,0,0,,22,0,0,22,0,23,0,0,0,,1,1,1,1,8,0,0,0,0,0,,27,2,0,29,1,28,0,0,0,
2021-07-13,DQ,2,2,2,2,0,0,2,0,0,,4,2,1,5,2,6,1,0,0,,46,1,4,43,1,40,3,0,0,,17,4,0,21,19,6,0,1,0,0,,24,0,0,24,0,24,0,0,0,
2021-07-13,TY,21,7,28,0,0,0,0,0,0,,72,28,2,98,64,32,2,0,0,,6,2,5,3,2,1,0,0,0,,15,5,0,20,9,0,0,11,0,0,,58,0,0,58,0,58,0,0,0,
2021-07-14,TDH,8,0,1,7,0,2,5,0,0,,9,1,0,10,4,8,2,0,0,,73,0,0,73,0,70,6,0,0,,41,0,0,41,19,11,8,10,0,0,,48,0,0,48,0,48,0,0,0,

2021-07-14,PTT,0,5,1,4,4,1,0,0,0,,3,3,2,4,2,10,0,0,0,,22,2,1,23,2,22,0,0,0,,1,3,2,2,9,0,0,0,0,0,,27,4,0,31,2,29,0,0,0,
2021-07-14,DQ,3,27,2,28,26,0,2,0,0,,4,3,1,6,3,6,1,0,0,,44,1,3,42,1,39,3,0,0,,16,3,0,19,20,6,0,0,0,0,,26,0,0,26,0,26,0,0,0,
2021-07-14,TY,9,7,16,0,0,0,0,0,0,,85,17,1,101,68,31,2,0,0,,5,1,5,1,1,0,0,0,0,,20,5,0,25,14,0,0,11,0,0,,56,0,0,56,0,56,0,0,0,
2021-07-15,TDH,7,4,4,7,0,2,5,0,0,,10,5,2,13,7,8,2,0,0,,71,2,0,73,2,68,6,0,0,,42,0,1,41,19,11,8,10,0,0,,48,1,0,49,1,48,0,0,0,

2021-07-15,PTT,2,0,1,1,0,2,0,0,0,,3,1,0,4,2,10,0,0,0,,24,0,1,23,0,24,0,0,0,,2,4,4,2,9,0,0,0,0,0,,29,7,0,36,4,32,0,0,0,
2021-07-15,DQ,2,0,0,2,0,0,2,0,0,,6,1,1,6,3,6,1,0,0,,42,1,1,42,1,39,3,0,0,,19,1,0,20,21,6,0,0,0,0,,26,0,0,26,0,26,0,0,0,
2021-07-15,TY,0,8,8,0,0,0,0,0,0,,99,8,0,107,50,55,2,0,0,,1,0,0,1,0,1,0,0,0,,25,0,0,25,14,0,0,11,0,0,,55,0,0,55,0,55,0,0,0,
2021-07-16,TDH,7,1,1,7,0,2,5,0,0,,11,1,0,12,5,9,2,0,0,,75,0,2,73,0,70,6,0,0,,39,2,0,41,20,10,8,10,0,0,,50,0,0,50,0,50,0,0,0,

2021-07-16,PTT,1,0,0,1,0,2,0,0,0,,3,5,5,3,1,10,0,0,0,,23,5,0,28,5,24,0,0,0,,2,0,1,1,8,0,0,0,0,0,,37,1,0,38,1,37,0,0,0,
2021-07-16,DQ,2,2,2,2,0,0,2,0,0,,5,2,0,7,4,6,1,0,0,,42,0,1,41,0,39,3,0,0,,21,1,1,21,22,6,0,0,0,0,,26,1,0,27,1,26,0,0,0,
2021-07-16,TY,1,9,10,0,0,0,0,0,0,,106,10,5,111,41,68,2,0,0,,1,5,0,6,5,1,0,0,0,,20,0,0,20,9,0,0,11,0,0,,57,0,0,57,0,57,0,0,0,
2021-07-17,TDH,7,1,0,8,1,2,5,0,0,,12,0,0,12,4,10,2,0,0,,72,0,0,72,0,69,6,0,0,,42,0,1,41,20,10,8,10,0,0,,50,1,0,51,1,50,0,0,0,

2021-07-17,PTT,0,0,0,0,0,1,0,0,0,,3,0,0,3,1,10,0,0,0,,28,0,0,28,0,29,0,0,0,,2,0,1,1,8,0,0,0,0,0,,38,1,0,39,1,38,0,0,0,
2021-07-17,DQ,2,0,0,2,0,0,2,0,0,,7,0,1,6,3,6,1,0,0,,41,1,0,42,1,39,3,0,0,,21,0,0,21,22,6,0,0,0,0,,27,0,0,27,0,27,0,0,0,
2021-07-17,TY,22,1,23,0,0,0,0,0,0,,77,23,0,100,45,53,2,0,0,,11,0,11,0,0,0,0,0,0,,20,11,0,31,20,0,0,11,0,0,,57,0,0,57,0,57,0,0,0,
2021-07-18,TDH,8,0,0,8,0,3,5,0,0,,9,1,1,9,1,10,2,0,0,,73,1,14,60,1,67,1,0,0,,33,14,3,44,14,22,8,8,0,0,,52,3,0,55,3,52,0,0,0,

2021-07-18,PTT,0,1,0,1,1,1,0,0,0,,3,0,0,3,1,10,0,0,0,,27,0,0,27,0,28,0,0,0,,2,0,1,1,8,0,0,0,0,0,,38,1,0,39,1,38,0,0,0,
2021-07-18,DQ,2,1,1,2,0,0,2,0,0,,6,1,1,6,3,7,0,0,0,,43,1,13,31,1,36,3,0,0,,11,13,0,24,14,17,0,0,0,0,,28,0,0,28,0,28,0,0,0,
2021-07-18,TY,0,5,0,5,5,0,0,0,0,,100,0,4,96,40,54,2,0,0,,0,4,0,4,4,0,0,0,0,,31,0,0,31,20,0,0,11,0,0,,57,0,0,57,0,57,0,0,0,
2021-07-19,TDH,8,5,0,13,5,3,5,0,0,,9,0,0,9,0,11,2,0,0,,59,0,0,59,0,68,1,0,0,,43,0,0,43,14,21,8,8,0,0,,56,0,0,56,0,56,0,0,0,

2021-07-19,PTT,1,2,2,1,1,1,0,0,0,,3,2,0,5,3,10,0,0,0,,26,0,0,26,0,27,0,0,0,,2,0,1,1,8,0,0,0,0,0,,39,1,0,40,1,39,0,0,0,
2021-07-19,DQ,2,2,0,4,2,0,2,0,0,,6,1,1,6,1,9,0,0,0,,32,1,1,32,1,37,3,0,0,,23,1,0,24,14,17,0,0,0,0,,28,0,0,28,0,28,0,0,0,
2021-07-19,TY,5,5,10,0,0,0,0,0,0,,91,10,0,101,32,67,2,0,0,,5,0,1,4,0,4,0,0,0,,29,1,0,30,19,0,0,11,0,0,,55,0,0,55,0,55,0,0,0,
2021-07-20,TDH,10,0,0,10,0,5,5,0,0,,11,3,6,8,0,10,2,0,0,,59,6,2,63,6,66,1,0,0,,43,2,1,44,16,20,8,8,0,0,,57,1,0,58,1,57,0,0,0,

2021-07-20,PTT,0,0,0,0,0,1,0,0,0,,5,0,2,3,1,10,0,0,0,,25,2,0,27,2,26,0,0,0,,3,0,2,1,8,0,0,0,0,0,,34,2,0,36,2,34,0,0,0,
2021-07-20,DQ,3,0,1,2,0,0,2,0,0,,7,2,2,7,2,9,0,0,0,,32,2,1,33,2,37,3,0,0,,24,1,0,25,15,17,0,0,0,0,,28,0,0,28,0,28,0,0,0,
2021-07-20,TY,6,27,9,24,24,0,0,0,0,,87,10,6,91,20,69,2,0,0,,8,6,4,10,6,4,0,0,0,,28,4,0,32,21,0,0,11,0,0,,54,0,0,54,0,54,0,0,0,
2021-07-21,TDH,13,2,4,11,1,5,5,0,0,,7,4,0,11,4,9,2,0,0,,63,0,0,63,0,72,1,0,0,,44,0,0,44,16,20,8,8,0,0,,58,0,0,58,0,58,0,0,0,

2021-07-21,PTT,0,0,0,0,0,1,0,0,0,,3,0,0,3,1,10,0,0,0,,27,0,0,27,0,28,0,0,0,,1,1,1,1,8,0,0,0,0,0,,28,2,0,30,1,29,0,0,0,
2021-07-21,DQ,4,3,3,4,2,0,2,0,0,,5,3,2,6,3,7,0,0,0,,34,2,1,35,2,39,3,0,0,,24,1,0,25,14,18,0,0,0,0,,28,0,0,28,0,28,0,0,0,
2021-07-21,TY,3,3,6,0,0,0,0,0,0,,88,6,0,94,22,70,2,0,0,,10,0,0,10,0,10,0,0,0,,32,0,0,32,21,0,0,11,0,0,,54,0,0,54,0,54,0,0,0,
2021-07-22,TDH,11,1,1,11,0,6,5,0,0,,11,1,0,12,3,11,2,0,0,,62,0,4,58,0,67,1,0,0,,45,4,1,48,20,20,8,8,0,0,,58,1,0,59,1,58,0,0,0,

2021-07-22,PTT,0,0,0,0,0,1,0,0,0,,3,0,0,3,1,10,0,0,0,,26,0,0,26,0,27,0,0,0,,2,0,1,1,8,0,0,0,0,0,,30,1,0,31,1,30,0,0,0,
2021-07-22,DQ,4,0,0,4,0,2,2,0,0,,6,0,0,6,3,7,0,0,0,,35,0,0,35,0,41,3,0,0,,25,0,0,25,14,18,0,0,0,0,,28,0,0,28,0,28,0,0,0,
2021-07-22,TY,0,3,3,0,0,0,0,0,0,,94,3,0,97,22,73,2,0,0,,10,0,0,10,0,10,0,0,0,,32,0,0,32,21,0,0,11,0,0,,54,0,0,54,0,54,0,0,0,
2021-07-23,TDH,10,2,2,10,0,5,5,0,0,,12,4,3,13,4,11,2,0,0,,57,4,3,58,3,64,1,0,0,,50,3,2,51,23,20,8,8,0,0,,59,2,0,61,2,59,0,0,0,

2021-07-23,PTT,0,0,0,0,0,1,0,0,0,,3,0,0,3,1,10,0,0,0,,24,0,0,24,0,25,0,0,0,,2,0,2,0,7,0,0,0,0,0,,26,2,0,28,2,26,0,0,0,
2021-07-23,DQ,4,3,3,4,1,1,2,0,0,,6,3,0,9,6,7,0,0,0,,34,0,3,31,0,37,3,0,0,,26,3,1,28,17,18,0,0,0,0,,28,1,0,29,1,28,0,0,0,
2021-07-23,TY,13,9,18,4,4,0,0,0,0,,75,18,1,92,29,62,2,0,0,,13,1,13,1,1,0,0,0,0,,32,13,0,45,34,0,0,11,0,0,,54,0,0,54,0,54,0,0,0,
2021-07-24,TDH,10,2,1,11,1,5,5,0,0,,13,1,0,14,5,11,2,0,0,,58,0,0,58,0,67,1,0,0,,50,0,0,50,22,20,8,8,0,0,,58,0,0,58,0,58,0,0,0,

2021-07-24,PTT,0,2,1,1,1,1,0,0,0,,3,1,0,4,2,10,0,0,0,,24,0,0,24,0,25,0,0,0,,0,0,0,0,7,0,0,0,0,0,,28,0,0,28,0,28,0,0,0,
2021-07-24,DQ,4,1,0,5,1,2,2,0,0,,9,0,0,9,6,7,0,0,0,,31,0,0,31,0,37,3,0,0,,28,0,0,28,17,18,0,0,0,0,,29,0,0,29,0,29,0,0,0,
2021-07-24,TY,14,3,17,0,0,0,0,0,0,,79,17,2,94,41,52,2,0,0,,1,2,1,2,2,0,0,0,0,,41,1,0,42,31,0,0,11,0,0,,54,0,0,54,0,54,0,0,0,
2021-07-25,TDH,10,4,4,10,0,5,5,0,0,,13,5,3,15,8,9,2,0,0,,58,3,0,61,3,67,1,0,0,,51,0,1,50,22,20,8,8,0,0,,42,1,0,43,1,42,0,0,0,

2021-07-25,PTT,1,1,0,2,1,2,0,0,0,,4,0,1,3,1,10,0,0,0,,23,1,0,24,1,24,0,0,0,,1,0,1,0,7,0,0,0,0,0,,22,1,0,23,1,22,0,0,0,
2021-07-25,DQ,4,1,2,3,0,1,2,0,0,,9,2,1,10,7,7,0,0,0,,31,1,0,32,1,37,3,0,0,,27,0,1,26,16,17,0,0,0,0,,15,1,0,16,1,15,0,0,0,
2021-07-25,TY,4,1,5,0,0,0,0,0,0,,89,5,0,94,38,55,2,0,0,,3,0,2,1,0,1,0,0,0,,39,2,0,41,30,0,0,11,0,0,,54,0,0,54,0,54,0,0,0,
2021-07-26,TDH,10,1,0,11,1,5,5,0,0,,15,2,5,12,3,11,2,0,0,,61,5,1,65,5,69,1,0,0,,50,1,0,51,23,20,8,8,0,0,,43,0,0,43,0,43,0,0,0,

2021-07-26,PTT,2,4,5,1,0,2,0,0,0,,3,5,0,8,5,11,0,0,0,,24,0,0,24,0,25,0,0,0,,0,0,0,0,7,0,0,0,0,0,,23,0,0,23,0,23,0,0,0,
2021-07-26,DQ,3,1,1,3,0,1,2,0,0,,10,1,0,11,5,10,0,0,0,,34,0,2,32,0,38,3,0,0,,23,2,0,25,14,18,0,0,0,0,,17,0,0,17,0,17,0,0,0,
2021-07-26,TY,0,6,6,0,0,0,0,0,0,,94,6,0,100,38,61,2,0,0,,1,0,0,1,0,1,0,0,0,,41,0,0,41,30,0,0,11,0,0,,54,0,0,54,0,54,0,0,0,
2021-07-27,TDH,11,0,0,11,0,6,5,0,0,,10,1,1,10,1,11,2,0,0,,67,1,2,66,1,74,1,0,0,,51,2,0,53,24,21,8,8,0,0,,43,0,0,43,0,43,0,0,0,

2021-07-27,PTT,1,1,0,2,1,2,0,0,0,,8,0,5,3,0,11,0,0,0,,24,5,0,29,5,25,0,0,0,,0,0,0,0,7,0,0,0,0,0,,23,0,0,23,0,23,0,0,0,
2021-07-27,DQ,3,1,0,4,1,1,2,0,0,,9,0,0,9,4,9,0,0,0,,33,0,1,32,0,38,3,0,0,,26,1,1,26,15,18,0,0,0,0,,17,1,0,18,1,17,0,0,0,
2021-07-27,TY,12,4,16,0,0,0,0,0,0,,79,16,0,95,40,55,2,0,0,,7,0,7,0,0,0,0,0,0,,41,7,0,48,37,0,0,11,0,0,,54,0,0,54,0,54,0,0,0,
2021-07-28,TDH,11,0,0,11,0,6,5,0,0,,10,1,1,10,1,11,2,0,0,,66,1,0,67,1,75,1,0,0,,51,0,0,51,22,21,8,8,0,0,,45,0,0,45,0,45,0,0,0,

2021-07-28,PTT,2,1,1,2,0,3,0,0,0,,3,1,0,4,1,11,0,0,0,,26,0,0,26,0,27,0,0,0,,3,0,3,0,7,0,0,0,0,0,,23,3,0,26,3,23,0,0,0,
2021-07-28,DQ,3,3,1,5,2,1,2,0,0,,10,1,1,10,5,9,0,0,0,,33,1,1,33,1,38,3,0,0,,25,1,0,26,15,18,0,0,0,0,,18,0,0,18,0,18,0,0,0,
2021-07-28,TY,0,0,0,0,0,0,0,0,0,,95,3,3,95,29,66,2,0,0,,0,3,0,3,3,0,0,0,0,,46,0,0,46,35,0,0,11,0,0,,54,0,0,54,0,54,0,0,0,
2021-07-29,TDH,11,0,0,11,0,6,5,0,0,,10,0,0,10,0,12,2,0,0,,67,0,0,67,0,76,1,0,0,,51,0,0,51,22,21,8,8,0,0,,45,0,0,45,0,45,0,0,0,

2021-07-29,PTT,2,0,0,2,0,3,0,0,0,,4,0,0,4,1,11,0,0,0,,26,0,0,26,0,27,0,0,0,,0,0,0,0,7,0,0,0,0,0,,26,0,0,26,0,26,0,0,0,
2021-07-29,DQ,5,0,0,5,0,3,2,0,0,,10,0,0,10,4,10,0,0,0,,33,0,0,33,0,39,3,0,0,,26,0,0,26,15,18,0,0,0,0,,18,0,0,18,0,18,0,0,0,
2021-07-29,TY,0,1,1,0,0,0,0,0,0,,88,1,0,89,15,74,2,0,0,,3,0,0,3,0,3,0,0,0,,44,0,0,44,33,0,0,11,0,0,,54,0,0,54,0,54,0,0,0,
2021-07-30,TDH,11,0,0,11,0,6,5,0,0,,10,0,0,10,0,12,2,0,0,,67,0,0,67,0,76,1,0,0,,51,0,0,51,22,21,8,8,0,0,,45,0,0,45,0,45,0,0,0,

2021-07-30,PTT,2,0,0,2,0,3,0,0,0,,4,0,0,4,1,11,0,0,0,,26,0,0,26,0,27,0,0,0,,0,0,0,0,7,0,0,0,0,0,,25,0,0,25,0,25,0,0,0,
2021-07-30,DQ,5,1,0,6,1,3,2,0,0,,8,0,0,8,3,9,0,0,0,,35,0,2,33,0,39,3,0,0,,24,2,0,26,16,17,0,0,0,0,,20,0,0,20,0,20,0,0,0,
2021-07-30,TY,6,1,7,0,0,0,0,0,0,,69,7,2,74,14,65,2,0,0,,9,2,6,5,2,3,0,0,0,,44,6,0,50,39,0,0,11,0,0,,54,0,0,54,0,54,0,0,0,
2021-07-31,TDH,11,2,1,12,1,6,5,0,0,,9,1,0,10,1,11,2,0,0,,65,0,0,65,0,76,1,0,0,,52,0,1,51,22,21,8,8,0,0,,45,1,0,46,1,45,0,0,0,

2021-07-31,PTT,2,2,0,4,2,3,0,0,0,,4,0,0,4,0,12,0,0,0,,26,0,0,26,0,27,0,0,0,,0,0,0,0,7,0,0,0,0,0,,25,0,0,25,0,25,0,0,0,
2021-07-31,DQ,3,2,0,5,2,1,2,0,0,,8,0,0,8,4,9,0,0,0,,32,0,2,30,0,39,3,0,0,,24,2,0,26,14,19,0,0,0,0,,20,0,0,20,0,20,0,0,0,
2021-07-31,TY,5,2,5,2,2,0,0,0,0,,69,5,0,74,17,62,2,0,0,,5,0,5,0,0,0,0,0,0,,46,5,0,51,40,0,0,11,0,0,,55,0,0,55,0,55,0,0,0,
2021-08-01,TDH,12,1,1,12,0,7,5,0,0,,10,1,0,11,2,11,2,0,0,,65,0,0,65,0,76,1,0,0,,50,0,0,50,22,20,8,8,0,0,,45,0,0,45,0,45,0,0,0,

2021-08-01,PTT,3,0,0,3,0,4,0,0,0,,5,0,1,4,0,12,0,0,0,,26,1,0,27,1,27,0,0,0,,0,0,0,0,7,0,0,0,0,0,,24,0,0,24,0,24,0,0,0,
2021-08-01,DQ,4,0,1,3,0,1,2,0,0,,8,1,0,9,2,12,0,0,0,,30,0,0,30,0,39,3,0,0,,25,0,0,25,14,18,0,0,0,0,,17,0,0,17,0,17,0,0,0,
2021-08-01,TY,2,3,4,1,0,1,0,0,0,,74,4,0,78,18,65,2,0,0,,0,0,0,0,0,0,0,0,0,,46,0,0,46,35,0,0,11,0,0,,58,0,0,58,0,58,0,0,0,
2021-08-02,TDH,12,0,0,12,0,7,5,0,0,,11,0,0,11,2,11,2,0,0,,65,0,0,65,0,76,1,0,0,,50,0,0,50,22,20,8,8,0,0,,45,0,0,45,0,45,0,0,0,

2021-08-02,PTT,3,1,1,3,0,4,0,0,0,,4,1,0,5,1,12,0,0,0,,27,0,0,27,0,28,0,0,0,,0,0,0,0,7,0,0,0,0,0,,24,0,0,24,0,24,0,0,0,
2021-08-02,DQ,3,0,0,3,0,1,2,0,0,,9,0,0,9,2,12,0,0,0,,30,0,0,30,0,39,3,0,0,,25,0,0,25,14,18,0,0,0,0,,17,0,0,17,0,17,0,0,0,
2021-08-02,TY,4,1,4,1,0,1,0,0,0,,71,4,0,75,20,62,2,0,0,,1,0,1,0,0,0,0,0,0,,45,1,0,46,35,0,0,11,0,0,,58,0,0,58,0,58,0,0,0,
2021-08-03,TDH,12,1,0,13,1,7,5,0,0,,11,2,3,10,1,11,2,0,0,,64,3,3,64,3,72,1,0,0,,51,3,1,53,25,20,8,8,0,0,,45,1,0,46,1,45,0,0,0,

2021-08-03,PTT,3,0,0,3,0,4,0,0,0,,5,0,1,4,0,12,0,0,0,,26,1,0,27,1,27,0,0,0,,1,0,1,0,7,0,0,0,0,0,,23,1,0,24,1,23,0,0,0,
2021-08-03,DQ,3,2,0,5,2,1,2,0,0,,9,2,2,9,2,12,0,0,0,,30,2,0,32,2,39,3,0,0,,24,1,1,24,14,17,0,0,0,0,,17,2,0,19,1,18,0,0,0,
2021-08-03,TY,3,6,8,1,0,1,0,0,0,,73,8,0,81,22,66,2,0,0,,0,0,0,0,0,0,0,0,0,,45,0,0,45,34,0,0,11,0,0,,58,0,0,58,0,58,0,0,0,
2021-08-04,TDH,13,0,0,13,0,8,5,0,0,,9,0,0,9,0,11,2,0,0,,65,0,2,63,0,74,1,0,0,,53,2,0,55,27,20,8,8,0,0,,46,0,0,46,0,46,0,0,0,

2021-08-04,PTT,3,0,0,3,0,4,0,0,0,,4,0,0,4,0,12,0,0,0,,27,0,0,27,0,28,0,0,0,,0,0,0,0,7,0,0,0,0,0,,24,0,0,24,0,24,0,0,0,
2021-08-04,DQ,4,2,3,3,0,1,2,0,0,,9,3,0,12,4,13,0,0,0,,32,0,1,31,0,40,3,0,0,,24,1,0,25,15,17,0,0,0,0,,18,0,0,18,0,18,0,0,0,
2021-08-04,TY,1,1,1,1,0,1,0,0,0,,79,1,1,79,19,67,2,0,0,,1,1,1,1,1,0,0,0,0,,45,1,0,46,35,0,0,11,0,0,,58,0,0,58,0,58,0,0,0,
2021-08-05,TDH,13,1,1,13,0,8,5,0,0,,9,1,0,10,1,11,2,0,0,,62,2,3,61,0,72,1,0,0,,56,3,1,58,30,20,8,8,0,0,,46,1,0,47,1,46,0,0,0,

2021-08-05,PTT,3,0,0,3,0,4,0,0,0,,4,0,0,4,0,12,0,0,0,,27,0,0,27,0,28,0,0,0,,0,0,0,0,7,0,0,0,0,0,,24,0,0,24,0,24,0,0,0,
2021-08-05,DQ,3,0,0,3,0,1,2,0,0,,12,0,0,12,3,14,0,0,0,,31,0,0,31,0,40,3,0,0,,24,0,0,24,14,17,0,0,0,0,,19,0,0,19,0,19,0,0,0,
2021-08-05,TY,1,5,5,1,0,1,0,0,0,,77,5,0,82,19,70,2,0,0,,1,0,0,1,0,1,0,0,0,,44,0,0,44,33,0,0,11,0,0,,56,0,0,56,0,56,0,0,0,
2021-08-06,TDH,13,6,6,13,0,8,5,0,0,,10,6,1,15,6,11,2,0,0,,62,1,1,62,1,72,1,0,0,,57,1,0,58,29,21,8,8,0,0,,47,0,0,47,0,47,0,0,0,

2021-08-06,PTT,3,0,0,3,0,4,0,0,0,,4,0,0,4,0,12,0,0,0,,27,0,0,27,0,28,0,0,0,,0,0,0,0,7,0,0,0,0,0,,24,0,0,24,0,24,0,0,0,
2021-08-06,DQ,3,1,1,3,0,1,2,0,0,,11,1,1,11,3,13,0,0,0,,31,1,0,32,1,40,3,0,0,,25,1,2,24,14,17,0,0,0,0,,16,3,0,19,2,17,0,0,0,
2021-08-06,TY,5,3,8,0,0,0,0,0,0,,75,8,0,83,25,65,2,0,0,,1,0,0,1,0,1,0,0,0,,44,0,0,44,33,0,0,11,0,0,,56,0,0,56,0,56,0,0,0,
2021-08-07,TDH,13,2,1,14,1,8,5,0,0,,15,1,0,16,7,11,2,0,0,,62,0,0,62,0,73,1,0,0,,58,0,0,58,29,21,8,8,0,0,,47,0,0,47,0,47,0,0,0,

2021-08-07,PTT,3,2,0,5,2,4,0,0,0,,4,0,0,4,0,12,0,0,0,,27,0,0,27,0,28,0,0,0,,0,0,0,0,7,0,0,0,0,0,,24,0,0,24,0,24,0,0,0,
2021-08-07,DQ,3,1,0,4,1,1,2,0,0,,11,0,0,11,2,14,0,0,0,,32,0,0,32,0,41,3,0,0,,24,0,0,24,14,17,0,0,0,0,,19,0,0,19,0,19,0,0,0,
2021-08-07,TY,0,2,2,0,0,0,0,0,0,,83,2,0,85,23,69,2,0,0,,1,0,1,0,0,0,0,0,0,,44,1,0,45,34,0,0,11,0,0,,56,0,0,56,0,56,0,0,0,
2021-08-08,TDH,14,2,2,14,0,9,5,0,0,,16,2,0,18,8,12,2,0,0,,62,0,0,62,0,73,1,0,0,,57,0,0,57,29,20,8,8,0,0,,48,0,0,48,0,48,0,0,0,

2021-08-08,PTT,5,0,2,3,0,4,0,0,0,,4,2,0,6,2,12,0,0,0,,27,0,0,27,0,28,0,0,0,,0,0,0,0,7,0,0,0,0,0,,19,0,0,19,0,19,0,0,0,
2021-08-08,DQ,6,1,4,3,0,1,2,0,0,,8,4,0,12,4,13,0,0,0,,32,0,0,32,0,41,3,0,0,,25,0,1,24,14,17,0,0,0,0,,18,1,0,19,1,18,0,0,0,
2021-08-08,TY,0,6,6,0,0,0,0,0,0,,79,6,6,79,22,64,2,0,0,,3,6,3,6,6,0,0,0,0,,44,3,0,47,36,0,0,11,0,0,,56,0,0,56,0,56,0,0,0,
2021-08-09,TDH,14,2,2,14,0,9,5,0,0,,18,2,0,20,10,12,2,0,0,,62,0,0,62,0,73,1,0,0,,57,0,0,57,29,20,8,8,0,0,,48,0,0,48,0,48,0,0,0,

2021-08-09,PTT,3,0,0,3,0,4,0,0,0,,6,0,0,6,2,12,0,0,0,,27,0,0,27,0,28,0,0,0,,0,0,0,0,7,0,0,0,0,0,,19,0,0,19,0,19,0,0,0,
2021-08-09,DQ,3,1,1,3,0,1,2,0,0,,12,1,0,13,4,14,0,0,0,,32,0,0,32,0,41,3,0,0,,24,0,0,24,14,17,0,0,0,0,,19,0,0,19,0,19,0,0,0,
2021-08-09,TY,0,4,4,0,0,0,0,0,0,,75,4,0,79,21,65,2,0,0,,9,0,9,0,0,0,0,0,0,,46,9,0,55,44,0,0,11,0,0,,56,0,0,56,0,56,0,0,0,
2021-08-10,TDH,14,4,1,17,4,8,5,0,0,,19,1,0,20,10,13,2,0,0,,58,0,2,56,0,67,1,0,0,,55,2,2,55,27,20,8,8,0,0,,47,2,0,49,2,47,0,0,0,

2021-08-10,PTT,3,4,0,7,4,4,0,0,0,,6,0,0,6,2,12,0,0,0,,27,0,0,27,0,28,0,0,0,,0,0,0,0,7,0,0,0,0,0,,19,0,0,19,0,19,0,0,0,
2021-08-10,DQ,3,0,0,3,0,1,2,0,0,,13,0,0,13,4,14,0,0,0,,30,0,0,30,0,39,3,0,0,,26,0,2,24,14,17,0,0,0,0,,19,2,0,21,2,19,0,0,0,
2021-08-10,TY,6,4,10,0,0,0,0,0,0,,71,10,0,81,21,67,2,0,0,,0,0,0,0,0,0,0,0,0,,55,0,0,55,44,0,0,11,0,0,,55,0,0,55,0,55,0,0,0,
2021-08-11,TDH,16,2,5,13,0,8,5,0,0,,16,5,3,18,13,12,0,0,0,,58,3,4,57,3,67,0,0,0,,49,4,0,53,32,24,8,3,0,0,,49,0,0,49,0,49,0,0,0,

2021-08-11,PTT,7,0,0,7,0,8,0,0,0,,6,0,0,6,2,12,0,0,0,,27,0,0,27,0,28,0,0,0,,0,0,0,0,7,0,0,0,0,0,,19,0,0,19,0,19,0,0,0,
2021-08-11,DQ,4,0,1,3,0,1,2,0,0,,11,1,0,12,4,13,0,0,0,,31,0,2,29,0,38,3,0,0,,24,2,0,26,16,17,0,0,0,0,,21,0,0,21,0,21,0,0,0,
2021-08-11,TY,0,3,3,0,0,0,0,0,0,,81,3,2,82,16,73,2,0,0,,0,2,0,2,2,0,0,0,0,,51,0,0,51,40,0,0,11,0,0,,55,0,0,55,0,55,0,0,0,
2021-08-12,TDH,13,0,0,13,0,8,5,0,0,,16,0,0,16,9,14,0,0,0,,59,0,3,56,0,69,0,0,0,,52,3,0,55,34,24,8,3,0,0,,50,0,0,50,0,50,0,0,0,

2021-08-12,PTT,5,2,2,5,0,6,0,0,0,,6,2,0,8,2,14,0,0,0,,27,0,0,27,0,28,0,0,0,,0,0,0,0,7,0,0,0,0,0,,19,0,0,19,0,19,0,0,0,
2021-08-12,DQ,3,2,2,3,0,1,2,0,0,,12,2,1,13,5,13,0,0,0,,29,1,0,30,1,38,3,0,0,,26,0,0,26,16,17,0,0,0,0,,21,0,0,21,0,21,0,0,0,
2021-08-12,TY,0,1,1,0,0,0,0,0,0,,82,1,0,83,14,76,2,0,0,,2,0,0,2,0,2,0,0,0,,51,0,0,51,40,0,0,11,0,0,,55,0,0,55,0,55,0,0,0,
2021-08-13,TDH,13,1,0,14,1,8,5,0,0,,16,0,0,16,4,19,0,0,0,,56,0,0,56,0,69,0,0,0,,55,0,0,55,34,24,8,3,0,0,,50,0,0,50,0,50,0,0,0,

2021-08-13,PTT,5,2,1,6,1,6,0,0,0,,8,1,0,9,3,14,0,0,0,,27,0,0,27,0,28,0,0,0,,0,0,0,0,7,0,0,0,0,0,,19,0,0,19,0,19,0,0,0,
2021-08-13,DQ,3,0,0,3,0,1,2,0,0,,11,0,2,9,2,12,0,0,0,,32,2,3,31,2,38,3,0,0,,26,3,0,29,19,17,0,0,0,0,,21,0,0,21,0,21,0,0,0,
2021-08-13,TY,0,0,0,0,0,0,0,0,0,,82,0,2,80,10,77,2,0,0,,3,2,1,4,2,2,0,0,0,,50,1,0,51,40,0,0,11,0,0,,55,0,0,55,0,55,0,0,0,
2021-08-14,TDH,14,2,2,14,0,9,5,0,0,,16,2,0,18,4,21,0,0,0,,55,0,0,55,0,68,0,0,0,,55,0,0,55,34,24,8,3,0,0,,50,0,0,50,0,50,0,0,0,

2021-08-14,PTT,6,0,0,6,0,7,0,0,0,,9,0,3,6,0,14,0,0,0,,27,3,0,30,3,28,0,0,0,,0,0,0,0,7,0,0,0,0,0,,19,0,0,19,0,19,0,0,0,
2021-08-14,DQ,3,0,0,3,0,1,2,0,0,,9,0,0,9,2,12,0,0,0,,31,0,2,29,0,38,3,0,0,,27,2,0,29,19,17,0,0,0,0,,23,0,0,23,0,23,0,0,0,
2021-08-14,TY,0,0,0,0,0,0,0,0,0,,79,0,0,79,8,78,2,0,0,,4,0,0,4,0,4,0,0,0,,51,0,0,51,40,0,0,11,0,0,,55,0,0,55,0,55,0,0,0,
2021-08-15,TDH,13,0,0,13,0,8,5,0,0,,17,2,5,14,2,19,0,0,0,,55,5,0,60,5,68,0,0,0,,56,0,1,55,34,24,8,3,0,0,,50,1,0,51,1,50,0,0,0,

2021-08-15,PTT,6,0,1,5,0,6,0,0,0,,6,1,0,7,1,14,0,0,0,,30,0,0,30,0,31,0,0,0,,0,0,0,0,7,0,0,0,0,0,,19,0,0,19,0,19,0,0,0,
2021-08-15,DQ,3,2,0,5,2,1,2,0,0,,9,1,1,9,2,12,0,0,0,,28,1,2,27,1,40,0,0,0,,25,2,0,27,15,19,0,0,0,0,,23,0,0,23,0,23,0,0,0,
2021-08-15,TY,1,1,2,0,0,0,0,0,0,,79,2,0,81,6,82,2,0,0,,3,0,1,2,0,2,0,0,0,,51,1,0,52,41,0,0,11,0,0,,55,0,0,55,0,55,0,0,0,
2021-08-16,TDH,13,11,0,24,11,8,5,0,0,,14,0,0,14,1,20,0,0,0,,63,0,10,53,0,66,0,0,0,,47,10,0,57,32,29,8,3,0,0,,55,0,0,55,0,55,0,0,0,

2021-08-16,PTT,5,1,1,5,0,6,0,0,0,,7,2,2,7,1,14,0,0,0,,30,2,0,32,2,31,0,0,0,,0,0,0,0,7,0,0,0,0,0,,19,0,0,19,0,19,0,0,0,
2021-08-16,DQ,5,0,0,5,0,3,2,0,0,,9,0,0,9,0,14,0,0,0,,26,0,1,25,0,39,0,0,0,,27,1,1,27,16,18,0,0,0,0,,24,1,0,25,1,24,0,0,0,
2021-08-16,TY,5,3,8,0,0,0,0,0,0,,71,8,3,76,11,72,2,0,0,,5,3,3,5,3,2,0,0,0,,50,3,0,53,42,0,0,11,0,0,,56,0,0,56,0,56,0,0,0,
2021-08-17,TDH,14,0,1,13,0,8,5,0,0,,14,1,0,15,2,20,0,0,0,,53,0,0,53,0,66,0,0,0,,56,0,0,56,31,29,8,3,0,0,,42,0,0,42,0,42,0,0,0,

2021-08-17,PTT,5,12,0,17,12,6,0,0,0,,7,0,1,6,0,14,0,0,0,,32,1,1,32,1,32,0,0,0,,0,1,0,1,8,0,0,0,0,0,,19,0,0,19,0,19,0,0,0,
2021-08-17,DQ,4,2,0,6,2,2,2,0,0,,10,0,1,9,0,14,0,0,0,,25,1,0,26,1,39,0,0,0,,27,1,1,27,16,18,0,0,0,0,,22,2,0,24,1,23,0,0,0,
2021-08-17,TY,11,14,25,0,0,0,0,0,0,,75,25,0,100,35,72,2,0,0,,5,0,0,5,0,5,0,0,0,,53,0,0,53,42,0,0,11,0,0,,56,0,0,56,0,56,0,0,0,
2021-08-18,TDH,13,0,0,13,0,8,5,0,0,,14,0,0,14,0,21,0,0,0,,53,0,0,53,0,66,0,0,0,,56,0,0,56,31,29,8,3,0,0,,42,0,0,42,0,42,0,0,0,

2021-08-18,PTT,6,1,1,6,1,6,0,0,0,,6,1,0,7,1,14,0,0,0,,30,0,0,30,0,31,0,0,0,,3,0,2,1,8,0,0,0,0,0,,19,2,0,21,2,19,0,0,0,
2021-08-18,DQ,5,0,0,5,0,3,2,0,0,,10,0,1,9,0,14,0,0,0,,26,1,0,27,1,40,0,0,0,,27,0,0,27,16,18,0,0,0,0,,24,0,0,24,0,24,0,0,0,
2021-08-18,TY,4,0,4,0,0,0,0,0,0,,87,4,0,91,28,71,2,0,0,,5,0,4,1,0,1,0,0,0,,51,4,0,55,46,0,0,9,0,0,,57,0,0,57,0,57,0,0,0,
2021-08-19,TDH,13,22,3,32,19,8,5,0,0,,14,3,0,17,3,21,0,0,0,,52,0,0,52,0,65,0,0,0,,57,0,1,56,31,29,8,3,0,0,,42,1,0,43,1,42,0,0,0,

2021-08-19,PTT,5,0,0,5,0,7,0,0,0,,7,0,0,7,1,14,0,0,0,,30,0,2,28,0,29,0,0,0,,0,2,0,2,9,0,0,0,0,0,,21,0,0,21,0,21,0,0,0,
2021-08-19,DQ,5,0,0,5,0,3,2,0,0,,9,0,0,9,0,14,0,0,0,,26,0,0,26,0,40,0,0,0,,27,0,1,26,15,18,0,0,0,0,,24,1,0,25,1,24,0,0,0,
2021-08-19,TY,0,2,1,1,1,0,0,0,0,,91,1,0,92,23,77,2,0,0,,1,0,0,1,0,1,0,0,0,,55,0,0,55,46,0,0,9,0,0,,57,0,0,57,0,57,0,0,0,
2021-08-20,TDH,14,0,1,13,0,8,5,0,0,,18,3,6,15,1,21,0,0,0,,53,6,1,58,6,65,0,0,0,,56,1,0,57,32,29,8,3,0,0,,43,0,0,43,0,43,0,0,0,

2021-08-20,PTT,5,4,0,9,4,7,0,0,0,,6,0,0,6,0,14,0,0,0,,29,0,1,28,0,29,0,0,0,,2,1,0,3,10,0,0,0,0,0,,21,0,0,21,0,21,0,0,0,
2021-08-20,DQ,5,1,1,5,0,3,2,0,0,,8,1,0,9,1,13,0,0,0,,27,0,1,26,0,40,0,0,0,,26,1,0,27,16,18,0,0,0,0,,25,0,0,25,0,25,0,0,0,
2021-08-20,TY,1,7,8,0,0,0,0,0,0,,87,8,0,95,27,76,2,0,0,,5,0,4,1,0,1,0,0,0,,55,4,0,59,50,0,0,9,0,0,,57,0,0,57,0,57,0,0,0,
2021-08-21,TDH,13,0,0,13,0,8,5,0,0,,15,0,0,15,1,21,0,0,0,,58,0,0,58,0,71,0,0,0,,56,0,0,56,31,29,8,3,0,0,,44,0,0,44,0,44,0,0,0,

2021-08-21,PTT,9,0,0,9,0,10,0,0,0,,6,0,0,6,0,14,0,0,0,,28,0,0,28,0,29,0,0,0,,3,0,0,3,10,0,0,0,0,0,,21,0,0,21,0,21,0,0,0,
2021-08-21,DQ,5,0,0,5,0,3,2,0,0,,9,0,0,9,1,13,0,0,0,,26,0,0,26,0,40,0,0,0,,27,0,0,27,16,18,0,0,0,0,,25,0,0,25,0,25,0,0,0,
2021-08-21,TY,1,1,2,0,0,0,0,0,0,,88,2,2,88,18,79,2,0,0,,0,2,0,2,2,0,0,0,0,,58,0,0,58,49,0,0,9,0,0,,57,0,0,57,0,57,0,0,0,
2021-08-22,TDH,14,2,1,15,2,8,5,0,0,,14,1,0,15,2,20,0,0,0,,58,0,1,57,0,70,0,0,0,,56,1,0,57,32,29,8,3,0,0,,40,0,0,40,0,40,0,0,0,

2021-08-22,PTT,5,1,0,6,1,6,0,0,0,,7,0,1,6,0,14,0,0,0,,28,1,0,29,1,29,0,0,0,,2,0,0,2,9,0,0,0,0,0,,21,0,0,21,0,21,0,0,0,
2021-08-22,DQ,6,2,3,5,0,3,2,0,0,,8,3,0,11,3,13,0,0,0,,27,0,1,26,0,40,0,0,0,,26,1,0,27,15,19,0,0,0,0,,20,0,0,20,0,20,0,0,0,
2021-08-22,TY,5,9,14,0,0,0,0,0,0,,76,14,2,88,27,70,2,0,0,,3,2,1,4,2,2,0,0,0,,58,1,0,59,50,0,0,9,0,0,,57,0,0,57,0,57,0,0,0,
2021-08-23,TDH,15,1,0,16,1,10,5,0,0,,14,0,1,13,0,20,0,0,0,,57,1,0,58,1,70,0,0,0,,56,0,0,56,31,29,8,3,0,0,,41,0,0,41,0,41,0,0,0,

2021-08-23,PTT,6,0,0,6,0,7,0,0,0,,6,0,0,6,0,14,0,0,0,,29,0,1,28,0,29,0,0,0,,2,1,0,3,10,0,0,0,0,0,,21,0,0,21,0,21,0,0,0,
2021-08-23,DQ,5,0,0,5,0,3,2,0,0,,10,0,1,9,1,13,0,0,0,,26,2,1,27,1,40,0,0,0,,28,2,2,28,16,19,0,0,0,0,,19,3,0,22,2,20,0,0,0,
2021-08-23,TY,2,5,7,0,0,0,0,0,0,,80,7,2,85,27,67,2,0,0,,5,2,1,6,2,4,0,0,0,,59,1,0,60,51,0,0,9,0,0,,57,0,0,57,0,57,0,0,0,
2021-08-24,TDH,16,0,0,16,0,11,5,0,0,,13,0,0,13,0,20,0,0,0,,58,0,1,57,0,70,0,0,0,,56,1,0,57,31,30,8,3,0,0,,41,0,0,41,0,41,0,0,0,

2021-08-24,PTT,6,0,0,6,0,7,0,0,0,,6,0,0,6,0,14,0,0,0,,28,0,0,28,0,29,0,0,0,,3,0,0,3,10,0,0,0,0,0,,21,0,0,21,0,21,0,0,0,
2021-08-24,DQ,5,1,1,5,0,3,2,0,0,,9,1,0,10,2,13,0,0,0,,26,0,0,26,0,40,0,0,0,,29,0,1,28,16,19,0,0,0,0,,22,1,0,23,1,22,0,0,0,
2021-08-24,TY,0,2,2,0,0,0,0,0,0,,85,2,0,87,19,77,2,0,0,,6,0,0,6,0,6,0,0,0,,60,0,0,60,51,0,0,9,0,0,,57,0,0,57,0,57,0,0,0,
2021-08-25,TDH,14,8,0,22,8,9,5,0,0,,15,0,2,13,0,20,0,0,0,,57,2,1,58,2,69,0,0,0,,57,1,0,58,32,30,8,3,0,0,,41,0,0,41,0,41,0,0,0,

2021-08-25,PTT,6,0,0,6,0,7,0,0,0,,6,0,0,6,0,14,0,0,0,,28,0,0,28,0,29,0,0,0,,3,0,0,3,10,0,0,0,0,0,,21,0,0,21,0,21,0,0,0,
2021-08-25,DQ,5,1,1,5,0,3,2,0,0,,9,1,0,10,2,13,0,0,0,,27,0,2,25,0,39,0,0,0,,27,2,0,29,17,19,0,0,0,0,,24,0,0,24,0,24,0,0,0,
2021-08-25,TY,0,1,1,0,0,0,0,0,0,,87,1,3,85,18,76,2,0,0,,6,5,2,9,3,6,0,0,0,,60,2,0,62,53,0,0,9,0,0,,57,0,0,57,0,57,0,0,0,
2021-08-26,TDH,22,1,1,22,1,16,5,0,0,,13,1,0,14,1,20,0,0,0,,58,0,1,57,0,70,0,0,0,,58,1,0,59,33,30,8,3,0,0,,41,0,0,41,0,41,0,0,0,

2021-08-26,PTT,6,7,0,13,7,7,0,0,0,,6,0,0,6,0,14,0,0,0,,28,0,0,28,0,29,0,0,0,,3,0,0,3,10,0,0,0,0,0,,21,0,0,21,0,21,0,0,0,
2021-08-26,DQ,5,0,0,5,0,3,2,0,0,,10,0,0,10,2,13,0,0,0,,25,0,0,25,0,39,0,0,0,,29,0,0,29,17,19,0,0,0,0,,24,0,0,24,0,24,0,0,0,
2021-08-26,TY,0,3,1,2,2,0,0,0,0,,85,1,0,86,14,81,2,0,0,,9,0,0,9,0,9,0,0,0,,61,0,0,61,52,0,0,9,0,0,,57,0,0,57,0,57,0,0,0,
2021-08-27,TDH,17,1,2,16,0,11,5,0,0,,14,2,0,16,3,20,0,0,0,,56,0,3,53,0,66,0,0,0,,58,3,0,61,36,29,8,3,0,0,,43,0,0,43,0,43,0,0,0,

2021-08-27,PTT,10,0,4,6,0,7,0,0,0,,6,4,0,10,4,14,0,0,0,,30,0,2,28,0,29,0,0,0,,2,2,1,3,10,0,0,0,0,0,,21,1,0,22,1,21,0,0,0,
2021-08-27,DQ,5,0,0,5,0,3,2,0,0,,10,0,0,10,2,13,0,0,0,,26,0,1,25,0,39,0,0,0,,27,1,0,28,15,20,0,0,0,0,,25,0,0,25,0,25,0,0,0,
2021-08-27,TY,1,2,2,1,0,1,0,0,0,,81,2,0,83,8,84,2,0,0,,11,0,10,1,0,1,0,0,0,,61,10,0,71,62,0,0,9,0,0,,57,0,0,57,0,57,0,0,0,
2021-08-28,TDH,16,2,2,16,0,11,5,0,0,,16,2,0,18,5,20,0,0,0,,53,0,0,53,0,66,0,0,0,,61,0,0,61,36,29,8,3,0,0,,43,0,0,43,0,43,0,0,0,

2021-08-28,PTT,6,0,0,6,0,7,0,0,0,,10,0,0,10,4,14,0,0,0,,28,0,0,28,0,29,0,0,0,,3,0,0,3,10,0,0,0,0,0,,22,0,0,22,0,22,0,0,0,
2021-08-28,DQ,5,8,3,10,5,3,2,0,0,,10,3,0,13,5,13,0,0,0,,25,0,0,25,0,39,0,0,0,,28,0,0,28,15,20,0,0,0,0,,25,0,0,25,0,25,0,0,0,
2021-08-28,TY,3,4,6,1,0,1,0,0,0,,73,6,1,78,12,79,2,0,0,,5,1,4,2,1,1,0,0,0,,70,4,0,74,65,0,0,9,0,0,,57,0,0,57,0,57,0,0,0,
2021-08-29,TDH,17,2,1,18,2,11,5,0,0,,15,1,2,14,1,20,0,0,0,,54,2,1,55,2,66,0,0,0,,60,1,0,61,37,28,8,3,0,0,,36,0,0,36,0,36,0,0,0,

2021-08-29,PTT,6,1,0,7,1,7,0,0,0,,8,1,2,7,2,14,0,0,0,,28,3,1,30,2,29,0,0,0,,2,2,2,2,9,0,0,0,0,0,,19,3,0,22,2,20,0,0,0,
2021-08-29,DQ,8,1,0,9,1,6,2,0,0,,10,0,1,9,1,13,0,0,0,,26,2,2,26,1,39,0,0,0,,30,2,2,30,17,20,0,0,0,0,,21,2,0,23,2,21,0,0,0,
2021-08-29,TY,1,4,4,1,0,1,0,0,0,,78,4,0,82,13,82,2,0,0,,2,0,0,2,0,2,0,0,0,,73,0,0,73,64,0,0,9,0,0,,57,0,0,57,0,57,0,0,0,
2021-08-30,TDH,16,1,0,17,1,11,5,0,0,,16,2,4,14,1,20,0,0,0,,55,5,1,59,4,68,0,0,0,,60,1,0,61,37,28,8,3,0,0,,36,0,0,36,0,36,0,0,0,

2021-08-30,PTT,7,0,0,7,0,8,0,0,0,,7,0,0,7,0,16,0,0,0,,30,0,0,30,0,31,0,0,0,,2,0,0,2,9,0,0,0,0,0,,22,0,0,22,0,22,0,0,0,
2021-08-30,DQ,8,1,1,8,0,6,2,0,0,,10,1,1,10,2,13,0,0,0,,26,1,0,27,1,40,0,0,0,,28,0,0,28,15,20,0,0,0,0,,25,0,0,25,0,25,0,0,0,
2021-08-30,TY,1,1,1,1,0,1,0,0,0,,79,1,1,79,13,79,2,0,0,,2,1,0,3,1,2,0,0,0,,73,0,0,73,64,0,0,9,0,0,,57,0,0,57,0,57,0,0,0,
2021-08-31,TDH,17,0,0,17,0,12,5,0,0,,14,0,0,14,0,21,0,0,0,,59,1,2,58,0,71,0,0,0,,59,3,1,61,37,28,8,3,0,0,,36,2,0,38,1,37,0,0,0,

2021-08-31,PTT,7,0,0,7,0,8,0,0,0,,7,0,0,7,0,16,0,0,0,,30,0,0,30,0,31,0,0,0,,2,0,0,2,9,0,0,0,0,0,,22,0,0,22,0,22,0,0,0,
2021-08-31,DQ,9,1,2,8,0,6,2,0,0,,9,2,0,11,3,13,0,0,0,,26,0,1,25,0,39,0,0,0,,28,1,0,29,16,20,0,0,0,0,,25,0,0,25,0,25,0,0,0,
2021-08-31,TY,5,1,5,1,0,1,0,0,0,,73,5,1,77,14,76,2,0,0,,4,1,1,4,1,3,0,0,0,,73,1,0,74,65,0,0,9,0,0,,57,0,0,57,0,57,0,0,0,
2021-09-01,TDH,17,0,0,17,0,12,5,0,0,,14,0,0,14,0,21,0,0,0,,58,0,0,58,0,71,0,0,0,,61,0,0,61,37,28,8,3,0,0,,38,0,0,38,0,38,0,0,0,

2021-09-01,PTT,7,8,6,9,2,8,0,0,0,,7,6,0,13,4,18,0,0,0,,30,0,0,30,0,31,0,0,0,,2,0,0,2,9,0,0,0,0,0,,22,0,0,22,0,22,0,0,0,
2021-09-01,DQ,8,0,0,8,0,6,2,0,0,,11,0,1,10,1,14,0,0,0,,25,1,0,26,1,39,0,0,0,,29,0,0,29,16,20,0,0,0,0,,25,0,0,25,0,25,0,0,0,
2021-09-01,TY,1,2,2,1,0,1,0,0,0,,76,2,0,78,13,78,2,0,0,,4,0,2,2,0,2,0,0,0,,72,3,1,74,65,0,0,9,0,0,,46,2,0,48,1,47,0,0,0,
2021-09-02,TDH,17,0,0,17,0,12,5,0,0,,14,0,0,14,0,21,0,0,0,,58,0,0,58,0,71,0,0,0,,59,0,0,59,35,28,8,3,0,0,,40,0,0,40,0,40,0,0,0,

2021-09-02,PTT,9,0,0,9,0,10,0,0,0,,13,0,0,13,3,19,0,0,0,,30,0,0,30,0,31,0,0,0,,2,0,0,2,9,0,0,0,0,0,,22,0,0,22,0,22,0,0,0,
2021-09-02,DQ,8,0,0,8,0,6,2,0,0,,10,0,0,10,1,14,0,0,0,,26,0,0,26,0,40,0,0,0,,29,0,0,29,16,20,0,0,0,0,,25,0,0,25,0,25,0,0,0,
2021-09-02,TY,1,1,0,2,1,1,0,0,0,,78,0,0,78,11,80,2,0,0,,2,0,0,2,0,2,0,0,0,,74,0,0,74,65,0,0,9,0,0,,48,0,0,48,0,48,0,0,0,
2021-09-03,TDH,17,1,0,18,1,12,5,0,0,,14,0,0,14,0,21,0,0,0,,58,0,0,58,0,71,0,0,0,,59,0,0,59,35,28,8,3,0,0,,40,0,0,40,0,40,0,0,0,

2021-09-03,PTT,9,0,0,9,0,10,0,0,0,,13,0,0,13,3,19,0,0,0,,30,0,0,30,0,31,0,0,0,,2,0,0,2,9,0,0,0,0,0,,22,0,0,22,0,22,0,0,0,
2021-09-03,DQ,8,0,0,8,0,6,2,0,0,,10,0,0,10,1,14,0,0,0,,26,0,0,26,0,40,0,0,0,,29,0,0,29,16,20,0,0,0,0,,25,0,0,25,0,25,0,0,0,
2021-09-03,TY,2,0,0,2,0,2,0,0,0,,78,0,0,78,8,83,2,0,0,,2,0,0,2,0,2,0,0,0,,74,0,0,74,65,0,0,9,0,0,,48,0,0,48,0,48,0,0,0,
2021-09-04,TDH,18,5,2,21,3,13,5,0,0,,13,2,0,15,2,20,0,0,0,,59,0,1,58,0,71,0,0,0,,59,1,0,60,36,28,8,3,0,0,,40,0,0,40,0,40,0,0,0,

2021-09-04,PTT,9,1,3,7,0,8,0,0,0,,13,3,0,16,6,19,0,0,0,,30,0,0,30,0,31,0,0,0,,2,0,0,2,9,0,0,0,0,0,,22,0,0,22,0,22,0,0,0,
2021-09-04,DQ,8,2,2,8,0,6,2,0,0,,10,2,1,11,3,13,0,0,0,,26,2,1,27,1,40,0,0,0,,29,1,0,30,17,20,0,0,0,0,,25,0,0,25,0,25,0,0,0,
2021-09-04,TY,2,2,0,4,2,2,0,0,0,,78,0,0,78,7,84,2,0,0,,2,0,0,2,0,2,0,0,0,,71,0,0,71,62,0,0,9,0,0,,48,0,0,48,0,48,0,0,0,
2021-09-05,TDH,20,0,1,19,0,14,5,0,0,,16,1,3,14,1,20,0,0,0,,59,3,1,61,3,71,0,0,0,,59,1,0,60,35,29,8,3,0,0,,39,0,0,39,0,39,0,0,0,

2021-09-05,PTT,7,0,0,7,0,8,0,0,0,,16,0,0,16,3,22,0,0,0,,30,0,2,28,0,29,0,0,0,,2,2,0,4,11,0,0,0,0,0,,22,0,0,22,0,22,0,0,0,
2021-09-05,DQ,8,0,0,8,0,6,2,0,0,,10,0,0,10,2,13,0,0,0,,27,0,2,25,0,39,0,0,0,,28,4,3,29,15,21,0,0,0,0,,17,5,0,22,3,19,0,0,0,
2021-09-05,TY,4,13,16,1,0,1,0,0,0,,78,16,0,94,20,87,2,0,0,,2,0,1,1,0,1,0,0,0,,71,1,0,72,63,0,0,9,0,0,,48,0,0,48,0,48,0,0,0,
2021-09-06,TDH,19,1,0,20,1,14,5,0,0,,14,0,1,13,0,20,0,0,0,,61,1,3,59,1,71,0,0,0,,58,3,0,61,37,28,8,3,0,0,,32,0,0,32,0,32,0,0,0,

2021-09-06,PTT,7,6,6,7,0,8,0,0,0,,13,6,0,19,9,19,0,0,0,,28,0,0,28,0,29,0,0,0,,5,0,2,3,10,0,0,0,0,0,,22,2,0,24,2,22,0,0,0,
2021-09-06,DQ,8,5,4,9,1,6,2,0,0,,10,4,0,14,5,14,0,0,0,,25,1,1,25,0,39,0,0,0,,28,1,0,29,15,21,0,0,0,0,,21,0,0,21,0,21,0,0,0,
2021-09-06,TY,3,4,6,1,0,1,0,0,0,,84,6,1,89,22,80,2,0,0,,9,1,8,2,1,1,0,0,0,,72,8,0,80,71,0,0,9,0,0,,48,0,0,48,0,48,0,0,0,
2021-09-07,TDH,20,0,0,20,0,15,5,0,0,,13,2,2,13,0,20,0,0,0,,56,2,0,58,2,69,0,0,0,,63,0,2,61,38,28,8,3,0,0,,32,2,0,34,2,32,0,0,0,

2021-09-07,PTT,7,0,0,7,0,8,0,0,0,,18,0,0,18,6,21,0,0,0,,29,0,1,28,0,29,0,0,0,,3,1,0,4,11,0,0,0,0,0,,24,0,0,24,0,24,0,0,0,
2021-09-07,DQ,8,1,1,8,0,6,2,0,0,,12,1,1,12,3,14,0,0,0,,26,2,2,26,1,39,0,0,0,,31,2,2,31,17,21,0,0,0,0,,21,2,0,23,2,21,0,0,0,
2021-09-07,TY,3,1,2,2,1,1,0,0,0,,84,2,1,85,21,77,2,0,0,,2,1,0,3,1,2,0,0,0,,79,0,0,79,70,0,0,9,0,0,,40,0,0,40,0,40,0,0,0,
2021-09-08,TDH,20,0,0,20,0,15,5,0,0,,13,0,0,13,0,20,0,0,0,,58,0,0,58,0,71,0,0,0,,61,0,0,61,38,28,8,3,0,0,,34,0,0,34,0,34,0,0,0,

2021-09-08,PTT,7,1,1,7,0,8,0,0,0,,16,1,2,15,7,17,0,0,0,,28,2,0,30,2,29,0,0,0,,4,0,2,2,9,0,0,0,0,0,,26,2,0,28,2,26,0,0,0,
2021-09-08,DQ,8,0,0,8,0,6,2,0,0,,12,0,0,12,3,14,0,0,0,,25,0,0,25,0,39,0,0,0,,30,0,1,29,15,21,0,0,0,0,,25,1,0,26,1,25,0,0,0,
2021-09-08,TY,8,3,10,1,0,1,0,0,0,,78,10,0,88,19,82,2,0,0,,4,0,1,3,0,3,0,0,0,,79,1,0,80,71,0,0,9,0,0,,40,0,0,40,0,40,0,0,0,
2021-09-09,TDH,20,4,3,21,2,14,5,0,0,,13,4,1,16,3,20,0,0,0,,58,1,0,59,1,71,0,0,0,,61,0,0,61,38,28,8,3,0,0,,34,0,0,34,0,34,0,0,0,

2021-09-09,PTT,7,0,0,7,0,8,0,0,0,,15,0,0,15,5,19,0,0,0,,30,0,0,30,0,31,0,0,0,,2,0,0,2,9,0,0,0,0,0,,28,0,0,28,0,28,0,0,0,
2021-09-09,DQ,8,1,0,9,1,6,2,0,0,,12,0,0,12,3,14,0,0,0,,25,0,0,25,0,39,0,0,0,,29,0,0,29,15,21,0,0,0,0,,26,0,0,26,0,26,0,0,0,
2021-09-09,TY,1,4,4,1,0,1,0,0,0,,88,4,0,92,22,83,2,0,0,,3,0,0,3,0,3,0,0,0,,80,0,0,80,71,0,0,9,0,0,,40,0,0,40,0,40,0,0,0,
2021-09-10,TDH,21,0,0,21,1,16,5,0,0,,16,0,0,16,3,20,0,0,0,,59,0,0,59,0,72,0,0,0,,61,0,0,61,38,28,8,3,0,0,,34,0,0,34,0,34,0,0,0,

2021-09-10,PTT,7,0,0,7,0,8,0,0,0,,14,0,0,14,1,22,0,0,0,,31,0,1,30,0,31,0,0,0,,2,1,0,3,10,0,0,0,0,0,,24,0,0,24,0,24,0,0,0,
2021-09-10,DQ,9,0,1,8,0,6,2,0,0,,12,1,0,13,4,14,0,0,0,,25,0,0,25,0,39,0,0,0,,29,0,0,29,15,21,0,0,0,0,,26,0,0,26,0,26,0,0,0,
2021-09-10,TY,1,1,1,1,0,1,0,0,0,,92,1,0,93,17,89,2,0,0,,3,0,0,3,0,3,0,0,0,,80,0,0,80,71,0,0,9,0,0,,40,0,0,40,0,40,0,0,0,
2021-09-11,TDH,20,1,1,20,0,16,5,0,0,,16,1,0,17,4,20,0,0,0,,60,0,1,59,0,72,0,0,0,,61,1,0,62,39,28,8,3,0,0,,34,0,0,34,0,34,0,0,0,

2021-09-11,PTT,7,1,1,7,0,8,0,0,0,,11,1,0,12,2,19,0,0,0,,28,0,0,28,0,31,0,0,0,,5,0,3,2,9,0,0,0,0,0,,24,3,0,27,3,24,0,0,0,
2021-09-11,DQ,8,1,0,9,1,6,2,0,0,,13,0,1,12,2,15,0,0,0,,25,1,0,26,1,39,0,0,0,,29,0,0,29,15,21,0,0,0,0,,26,0,0,26,0,26,0,0,0,
2021-09-11,TY,3,2,4,1,0,1,0,0,0,,61,4,0,65,12,66,2,0,0,,6,0,4,2,0,2,0,0,0,,79,4,0,83,74,0,0,9,0,0,,40,0,0,40,0,40,0,0,0,
2021-09-12,TDH,20,5,0,25,5,16,5,0,0,,17,0,2,15,2,20,0,0,0,,59,2,0,61,2,72,0,0,0,,62,0,0,62,39,28,8,3,0,0,,33,0,0,33,0,33,0,0,0,

2021-09-12,PTT,7,0,0,7,0,8,0,0,0,,12,0,0,12,1,20,0,0,0,,28,0,0,28,0,31,0,0,0,,2,0,0,2,9,0,0,0,0,0,,22,0,0,22,0,22,0,0,0,
2021-09-12,DQ,11,1,3,9,0,7,2,0,0,,10,3,0,13,3,15,0,0,0,,26,0,0,26,0,40,0,0,0,,28,0,0,28,15,21,0,0,0,0,,15,0,0,15,0,15,0,0,0,
2021-09-12,TY,1,1,1,1,0,1,0,0,0,,64,1,0,65,10,68,2,0,0,,2,0,2,0,0,0,0,0,0,,83,2,0,85,76,0,0,9,0,0,,40,0,0,40,0,40,0,0,0,
2021-09-13,TDH,23,3,4,22,3,15,5,0,0,,17,4,0,21,0,28,0,0,0,,61,0,1,60,0,73,0,0,0,,62,1,0,63,40,28,8,3,0,0,,33,0,0,33,0,33,0,0,0,

2021-09-13,PTT,7,2,2,7,0,8,0,0,0,,12,2,0,14,2,21,0,0,0,,28,0,0,28,0,31,0,0,0,,2,0,0,2,9,0,0,0,0,0,,22,0,0,22,0,22,0,0,0,
2021-09-13,DQ,9,0,0,9,0,7,2,0,0,,12,0,0,12,2,15,0,0,0,,26,0,0,26,0,40,0,0,0,,29,0,1,28,15,21,0,0,0,0,,15,1,0,16,1,15,0,0,0,
2021-09-13,TY,1,11,11,1,0,1,0,0,0,,65,11,0,76,15,74,2,0,0,,0,0,0,0,0,0,0,0,0,,85,0,0,85,76,0,0,9,0,0,,40,0,0,40,0,40,0,0,0,
2021-09-14,TDH,20,0,0,20,0,16,5,0,0,,16,0,1,15,0,22,0,0,0,,62,1,3,60,1,72,0,0,0,,67,4,6,65,42,28,8,3,0,0,,33,7,0,40,6,34,0,0,0,

2021-09-14,PTT,7,6,6,7,0,8,0,0,0,,14,6,0,20,7,22,0,0,0,,28,0,0,28,0,31,0,0,0,,2,0,0,2,9,0,0,0,0,0,,22,0,0,22,0,22,0,0,0,
2021-09-14,DQ,9,0,0,9,0,7,2,0,0,,12,0,0,12,2,15,0,0,0,,26,0,0,26,0,40,0,0,0,,28,0,0,28,15,21,0,0,0,0,,16,0,0,16,0,16,0,0,0,
2021-09-14,TY,1,0,0,1,0,1,0,0,0,,72,0,0,72,13,72,2,0,0,,0,0,0,0,0,0,0,0,0,,82,0,0,82,73,0,0,9,0,0,,40,0,0,40,0,40,0,0,0,
2021-09-15,TDH,20,11,1,30,10,16,5,0,0,,15,1,0,16,1,22,0,0,0,,60,0,0,60,0,73,0,0,0,,65,0,0,65,42,28,8,3,0,0,,40,0,0,40,0,40,0,0,0,

2021-09-15,PTT,7,0,0,7,0,8,0,0,0,,20,0,0,20,7,22,0,0,0,,28,0,0,28,0,31,0,0,0,,2,0,0,2,9,0,0,0,0,0,,22,0,0,22,0,22,0,0,0,
2021-09-15,DQ,9,0,0,9,0,7,2,0,0,,12,0,0,12,2,15,0,0,0,,26,0,0,26,0,40,0,0,0,,28,0,0,28,15,21,0,0,0,0,,16,0,0,16,0,16,0,0,0,
2021-09-15,TY,3,2,4,1,0,1,0,0,0,,65,4,0,69,15,67,2,0,0,,4,1,5,0,0,0,0,0,0,,82,5,0,87,78,0,0,9,0,0,,40,0,0,40,0,40,0,0,0,
2021-09-16,TDH,21,0,0,21,0,17,5,0,0,,18,0,2,16,1,22,0,0,0,,60,2,7,55,2,66,0,0,0,,62,7,0,69,46,28,8,3,0,0,,26,0,0,26,0,26,0,0,0,

2021-09-16,PTT,7,1,1,7,0,8,0,0,0,,20,1,0,21,7,23,0,0,0,,28,0,0,28,0,31,0,0,0,,2,0,0,2,9,0,0,0,0,0,,22,0,0,22,0,22,0,0,0,
2021-09-16,DQ,9,0,0,9,0,7,2,0,0,,12,0,0,12,2,15,0,0,0,,26,0,0,26,0,40,0,0,0,,28,0,0,28,15,21,0,0,0,0,,15,0,0,15,0,15,0,0,0,
2021-09-16,TY,1,1,1,1,0,1,0,0,0,,67,1,0,68,7,74,2,0,0,,0,0,0,0,0,0,0,0,0,,87,0,0,87,78,0,0,9,0,0,,40,0,0,40,0,40,0,0,0,
2021-09-17,TDH,21,1,0,22,1,17,5,0,0,,16,0,0,16,1,22,0,0,0,,55,0,0,55,0,68,0,0,0,,69,0,0,69,46,28,8,3,0,0,,26,0,0,26,0,26,0,0,0,

2021-09-17,PTT,7,1,0,8,1,8,0,0,0,,19,0,0,19,6,22,0,0,0,,28,0,0,28,0,31,0,0,0,,2,0,0,2,9,0,0,0,0,0,,20,0,0,20,0,20,0,0,0,
2021-09-17,DQ,9,2,2,9,0,7,2,0,0,,12,2,0,14,4,15,0,0,0,,26,0,0,26,0,40,0,0,0,,28,0,0,28,15,21,0,0,0,0,,15,0,0,15,0,15,0,0,0,
2021-09-17,TY,3,0,2,1,0,1,0,0,0,,56,2,0,58,4,67,2,0,0,,9,0,9,0,0,0,0,0,0,,87,9,0,96,87,0,0,9,0,0,,40,0,0,40,0,40,0,0,0,
2021-09-18,TDH,20,1,1,20,0,16,5,0,0,,16,1,0,17,2,22,0,0,0,,57,2,4,55,0,68,0,0,0,,69,4,0,73,50,28,8,3,0,0,,26,0,0,26,0,26,0,0,0,

2021-09-18,PTT,8,0,0,8,0,9,0,0,0,,19,0,0,19,0,28,0,0,0,,28,0,0,28,0,31,0,0,0,,2,0,0,2,9,0,0,0,0,0,,20,0,0,20,0,20,0,0,0,
2021-09-18,DQ,10,0,1,9,0,7,2,0,0,,13,1,0,14,5,14,0,0,0,,26,0,0,26,0,40,0,0,0,,28,0,0,28,15,21,0,0,0,0,,15,0,0,15,0,15,0,0,0,
2021-09-18,TY,1,2,2,1,0,1,0,0,0,,58,2,1,59,4,68,2,0,0,,0,1,0,1,1,0,0,0,0,,92,0,0,92,83,0,0,9,0,0,,40,0,0,40,0,40,0,0,0,
2021-09-19,TDH,20,0,0,20,0,16,5,0,0,,17,3,3,17,1,23,0,0,0,,55,3,0,58,3,68,0,0,0,,63,0,0,63,40,28,8,3,0,0,,28,0,0,28,0,28,0,0,0,

2021-09-19,PTT,8,0,1,7,0,8,0,0,0,,19,1,1,19,1,27,0,0,0,,28,1,0,29,1,31,0,0,0,,2,0,0,2,9,0,0,0,0,0,,20,0,0,20,0,20,0,0,0,
2021-09-19,DQ,11,0,2,9,0,7,2,0,0,,12,2,0,14,5,14,0,0,0,,26,0,0,26,0,40,0,0,0,,28,0,0,28,15,21,0,0,0,0,,15,0,0,15,0,15,0,0,0,
2021-09-19,TY,1,0,0,1,0,1,0,0,0,,59,0,0,59,4,68,2,0,0,,1,0,1,0,0,0,0,0,0,,92,1,0,93,84,0,0,9,0,0,,40,0,0,40,0,40,0,0,0,
2021-09-20,TDH,20,0,0,20,0,16,5,0,0,,17,2,3,16,0,23,0,0,0,,58,3,0,61,3,71,0,0,0,,63,0,0,63,40,28,8,3,0,0,,28,0,0,28,0,28,0,0,0,

2021-09-20,PTT,8,0,1,7,0,8,0,0,0,,19,1,0,20,1,28,0,0,0,,29,0,0,29,0,32,0,0,0,,2,0,0,2,9,0,0,0,0,0,,20,0,0,20,0,20,0,0,0,
2021-09-20,DQ,9,0,0,9,0,7,2,0,0,,14,0,0,14,5,14,0,0,0,,26,0,0,26,0,40,0,0,0,,28,0,0,28,15,21,0,0,0,0,,15,0,0,15,0,15,0,0,0,
2021-09-20,TY,4,3,6,1,0,1,0,0,0,,55,6,0,61,9,65,2,0,0,,0,0,0,0,0,0,0,0,0,,92,0,0,92,83,0,0,9,0,0,,40,0,0,40,0,40,0,0,0,
2021-09-21,TDH,20,0,0,20,0,16,5,0,0,,16,0,0,16,0,23,0,0,0,,58,0,0,58,0,71,0,0,0,,61,0,3,58,37,28,8,3,0,0,,31,3,0,34,3,31,0,0,0,

2021-09-21,PTT,7,0,0,7,0,8,0,0,0,,19,0,0,19,0,28,0,0,0,,29,0,0,29,0,32,0,0,0,,3,0,1,2,9,0,0,0,0,0,,20,1,0,21,1,20,0,0,0,
2021-09-21,DQ,10,0,1,9,0,7,2,0,0,,12,1,0,13,4,14,0,0,0,,26,1,2,25,0,40,0,0,0,,28,2,0,30,17,21,0,0,0,0,,15,0,0,15,0,15,0,0,0,
2021-09-21,TY,1,0,0,1,0,1,0,0,0,,61,0,0,61,8,66,2,0,0,,0,0,0,0,0,0,0,0,0,,92,1,1,92,83,0,0,9,0,0,,39,2,0,41,1,40,0,0,0,
2021-09-22,TDH,20,2,0,22,2,16,5,0,0,,16,0,0,16,0,23,0,0,0,,58,0,0,58,0,71,0,0,0,,58,0,0,58,37,28,8,3,0,0,,34,0,0,34,0,34,0,0,0,

2021-09-22,PTT,7,0,0,7,0,8,0,0,0,,19,0,0,19,0,28,0,0,0,,29,0,0,29,0,32,0,0,0,,2,0,0,2,9,0,0,0,0,0,,21,0,0,21,0,21,0,0,0,
2021-09-22,DQ,9,0,0,9,0,7,2,0,0,,13,0,0,13,4,14,0,0,0,,25,0,0,25,0,40,0,0,0,,30,0,0,30,17,21,0,0,0,0,,15,0,0,15,0,15,0,0,0,
2021-09-22,TY,1,1,1,1,0,1,0,0,0,,57,1,0,58,7,64,2,0,0,,0,0,0,0,0,0,0,0,0,,92,0,0,92,83,0,0,9,0,0,,40,0,0,40,0,40,0,0,0,
2021-09-23,TDH,20,1,0,21,1,16,5,0,0,,18,3,5,16,0,23,0,0,0,,58,5,0,63,5,71,0,0,0,,58,0,0,58,37,28,8,3,0,0,,34,0,0,34,0,34,0,0,0,

2021-09-23,PTT,7,3,1,9,2,8,0,0,0,,19,1,0,20,1,28,0,0,0,,29,0,0,29,0,32,0,0,0,,2,0,0,2,9,0,0,0,0,0,,21,0,0,21,0,21,0,0,0,
2021-09-23,DQ,9,0,0,9,0,7,2,0,0,,13,0,0,13,4,14,0,0,0,,25,0,0,25,0,40,0,0,0,,30,0,0,30,17,21,0,0,0,0,,15,0,0,15,0,15,0,0,0,
2021-09-23,TY,1,2,2,1,0,1,0,0,0,,58,2,0,60,8,65,2,0,0,,0,0,0,0,0,0,0,0,0,,92,0,0,92,83,0,0,9,0,0,,40,0,0,40,0,40,0,0,0,
2021-09-24,TDH,21,2,1,22,1,17,5,0,0,,16,1,0,17,1,23,0,0,0,,63,2,2,63,0,76,0,0,0,,58,2,0,60,39,28,8,3,0,0,,34,0,0,34,0,34,0,0,0,

2021-09-24,PTT,9,1,3,7,0,8,0,0,0,,20,3,0,23,3,29,0,0,0,,29,0,0,29,0,32,0,0,0,,2,0,0,2,9,0,0,0,0,0,,21,0,0,21,0,21,0,0,0,
2021-09-24,DQ,9,1,0,10,1,7,2,0,0,,13,0,0,13,4,14,0,0,0,,25,0,0,25,0,40,0,0,0,,30,0,0,30,17,21,0,0,0,0,,15,0,0,15,0,15,0,0,0,
2021-09-24,TY,2,1,2,1,0,1,0,0,0,,58,2,2,58,8,63,2,0,0,,0,2,0,2,2,0,0,0,0,,92,0,0,92,83,0,0,9,0,0,,40,0,0,40,0,40,0,0,0,
2021-09-25,TDH,22,1,0,23,1,18,5,0,0,,17,0,0,17,1,23,0,0,0,,63,0,0,63,0,76,0,0,0,,60,0,0,60,39,28,8,3,0,0,,34,0,0,34,0,34,0,0,0,

2021-09-25,PTT,7,0,0,7,0,8,0,0,0,,23,0,0,23,3,29,0,0,0,,29,0,0,29,0,32,0,0,0,,2,0,0,2,9,0,0,0,0,0,,21,0,0,21,0,21,0,0,0,
2021-09-25,DQ,10,2,3,9,0,7,2,0,0,,13,3,0,16,7,14,0,0,0,,25,0,0,25,0,40,0,0,0,,30,0,0,30,17,21,0,0,0,0,,15,0,0,15,0,15,0,0,0,
2021-09-25,TY,1,1,1,1,0,1,0,0,0,,58,1,0,59,9,63,2,0,0,,2,0,0,2,0,2,0,0,0,,92,0,0,92,83,0,0,9,0,0,,40,0,0,40,0,40,0,0,0,
2021-09-26,TDH,23,3,6,20,0,16,5,0,0,,17,6,0,23,6,24,0,0,0,,63,0,0,63,0,76,0,0,0,,60,0,0,60,39,28,8,3,0,0,,34,0,0,34,0,34,0,0,0,

2021-09-26,PTT,7,0,0,7,0,8,0,0,0,,23,0,0,23,3,29,0,0,0,,29,0,0,29,0,32,0,0,0,,2,0,0,2,9,0,0,0,0,0,,21,0,0,21,0,21,0,0,0,
2021-09-26,DQ,10,0,1,9,0,7,2,0,0,,15,1,0,16,6,15,0,0,0,,27,0,2,25,0,40,0,0,0,,28,2,0,30,15,23,0,0,0,0,,15,0,0,15,0,15,0,0,0,
2021-09-26,TY,1,1,1,1,0,1,0,0,0,,57,1,1,57,3,67,2,0,0,,3,1,1,3,1,2,0,0,0,,92,1,0,93,84,0,0,9,0,0,,40,0,0,40,0,40,0,0,0,
2021-09-27,TDH,20,1,0,21,1,16,5,0,0,,22,0,0,22,5,24,0,0,0,,64,0,1,63,0,76,0,0,0,,60,1,0,61,40,28,8,3,0,0,,34,0,0,34,0,34,0,0,0,

2021-09-27,PTT,7,1,1,7,0,8,0,0,0,,23,1,0,24,4,29,0,0,0,,29,0,0,29,0,32,0,0,0,,2,0,0,2,9,0,0,0,0,0,,21,0,0,21,0,21,0,0,0,
2021-09-27,DQ,10,0,1,9,0,7,2,0,0,,13,1,1,13,1,17,0,0,0,,27,1,2,26,1,40,0,0,0,,30,2,0,32,17,23,0,0,0,0,,15,0,0,15,0,15,0,0,0,
2021-09-27,TY,1,3,3,1,0,1,0,0,0,,57,3,0,60,6,67,2,0,0,,3,0,0,3,0,3,0,0,0,,93,0,0,93,84,0,0,9,0,0,,40,0,0,40,0,40,0,0,0,
2021-09-28,TDH,21,1,2,20,0,16,5,0,0,,20,2,0,22,4,25,0,0,0,,57,0,4,53,0,70,0,0,0,,46,5,1,50,41,27,8,3,0,0,,27,2,0,29,1,28,0,0,0,

2021-09-28,PTT,7,0,0,7,0,8,0,0,0,,24,0,0,24,1,32,0,0,0,,29,0,0,29,0,32,0,0,0,,2,0,0,2,9,0,0,0,0,0,,21,0,0,21,0,21,0,0,0,
2021-09-28,DQ,9,1,1,9,0,7,2,0,0,,13,1,0,14,2,17,0,0,0,,28,0,3,25,0,40,0,0,0,,29,3,0,32,16,25,0,0,0,0,,15,0,0,15,0,15,0,0,0,
2021-09-28,TY,1,0,0,1,0,1,0,0,0,,60,0,0,60,4,69,2,0,0,,3,0,3,0,0,0,0,0,0,,93,3,0,96,87,0,0,9,0,0,,40,0,0,40,0,40,0,0,0,
2021-09-29,TDH,20,0,0,20,0,16,5,0,0,,22,0,0,22,3,26,0,0,0,,53,0,0,53,0,70,0,0,0,,50,0,0,50,41,27,8,3,0,0,,29,0,0,29,0,29,0,0,0,

2021-09-29,PTT,7,0,0,7,0,8,0,0,0,,24,0,0,24,1,32,0,0,0,,29,0,0,29,0,32,0,0,0,,2,0,0,2,9,0,0,0,0,0,,21,0,0,21,0,21,0,0,0,
2021-09-29,DQ,9,0,0,9,0,7,2,0,0,,14,0,0,14,2,17,0,0,0,,25,0,0,25,0,40,0,0,0,,32,0,0,32,16,25,0,0,0,0,,15,0,0,15,0,15,0,0,0,
2021-09-29,TY,4,1,4,1,0,1,0,0,0,,57,4,1,60,7,66,2,0,0,,0,1,0,1,1,0,0,0,0,,95,0,0,95,86,0,0,9,0,0,,40,0,0,40,0,40,0,0,0,
2021-09-30,TDH,20,4,2,22,2,16,5,0,0,,22,2,0,24,4,27,0,0,0,,53,0,0,53,0,70,0,0,0,,50,0,0,50,41,27,8,3,0,0,,29,0,0,29,0,29,0,0,0,

2021-09-30,PTT,7,0,0,7,0,8,0,0,0,,21,0,0,21,0,30,0,0,0,,29,0,1,28,0,31,0,0,0,,4,1,2,3,10,0,0,0,0,0,,20,2,0,22,2,20,0,0,0,
2021-09-30,DQ,9,0,0,9,0,7,2,0,0,,14,0,0,14,2,17,0,0,0,,25,0,0,25,0,40,0,0,0,,32,0,0,32,16,25,0,0,0,0,,15,0,0,15,0,15,0,0,0,
2021-09-30,TY,1,2,2,1,0,1,0,0,0,,60,2,0,62,6,69,2,0,0,,1,0,0,1,0,1,0,0,0,,95,0,0,95,86,0,0,9,0,0,,40,0,0,40,0,40,0,0,0,
2021-10-01,TDH,21,1,1,21,1,16,5,0,0,,24,1,1,24,3,28,0,0,0,,54,1,1,54,1,70,0,0,0,,50,1,0,51,42,27,8,3,0,0,,29,0,0,29,0,29,0,0,0,

2021-10-01,PTT,7,0,0,7,0,8,0,0,0,,21,0,0,21,0,30,0,0,0,,28,0,0,28,0,31,0,0,0,,3,0,0,3,10,0,0,0,0,0,,22,0,0,22,0,22,0,0,0,
2021-10-01,DQ,9,0,0,9,0,7,2,0,0,,14,0,0,14,1,18,0,0,0,,25,0,0,25,0,40,0,0,0,,32,0,0,32,16,25,0,0,0,0,,15,0,0,15,0,15,0,0,0,
2021-10-01,TY,1,0,0,1,0,1,0,0,0,,62,0,0,62,6,69,2,0,0,,1,0,0,1,0,1,0,0,0,,95,0,0,95,86,0,0,9,0,0,,40,0,0,40,0,40,0,0,0,
2021-10-02,TDH,21,1,1,21,0,17,5,0,0,,23,1,0,24,3,28,0,0,0,,55,0,1,54,0,71,0,0,0,,51,1,1,51,41,28,8,3,0,0,,28,1,0,29,1,28,0,0,0,

2021-10-02,PTT,7,0,0,7,0,8,0,0,0,,19,0,0,19,0,28,0,0,0,,28,0,0,28,1,31,0,0,0,,4,0,1,3,10,0,0,0,0,0,,21,1,0,22,1,21,0,0,0,
2021-10-02,DQ,9,1,0,10,1,7,2,0,0,,14,0,0,14,1,18,0,0,0,,25,0,0,25,0,40,0,0,0,,32,0,0,32,16,25,0,0,0,0,,15,0,0,15,0,15,0,0,0,
2021-10-02,TY,1,0,0,1,0,1,0,0,0,,59,0,0,59,5,67,2,0,0,,3,0,2,1,0,1,0,0,0,,95,2,0,97,88,0,0,9,0,0,,40,0,0,40,0,40,0,0,0,
2021-10-03,TDH,22,2,4,20,0,16,5,0,0,,23,4,0,27,5,29,0,0,0,,54,0,0,54,0,71,0,0,0,,51,0,0,51,41,28,8,3,0,0,,29,0,0,29,0,29,0,0,0,

2021-10-03,PTT,7,0,0,7,0,8,0,0,0,,19,0,0,19,0,28,0,0,0,,28,0,0,28,0,32,0,0,0,,3,0,0,3,10,0,0,0,0,0,,22,0,0,22,0,22,0,0,0,
2021-10-03,DQ,11,0,2,9,0,7,2,0,0,,13,2,0,15,2,18,0,0,0,,25,0,0,25,0,40,0,0,0,,31,0,0,31,15,25,0,0,0,0,,16,0,0,16,0,16,0,0,0,
2021-10-03,TY,2,1,2,1,0,1,0,0,0,,57,2,0,59,6,66,2,0,0,,2,0,2,0,0,0,0,0,0,,97,2,0,99,90,0,0,9,0,0,,40,0,0,40,0,40,0,0,0,
2021-10-04,TDH,20,1,0,21,1,16,5,0,0,,27,0,0,27,5,29,0,0,0,,54,0,0,54,0,71,0,0,0,,51,0,0,51,41,28,8,3,0,0,,29,0,0,29,0,29,0,0,0,

2021-10-04,PTT,7,1,1,7,0,8,0,0,0,,19,1,0,20,0,29,0,0,0,,28,0,0,28,0,32,0,0,0,,3,0,0,3,10,0,0,0,0,0,,22,0,0,22,0,22,0,0,0,
2021-10-04,DQ,9,1,0,10,1,7,2,0,0,,15,0,0,15,2,18,0,0,0,,25,0,0,25,0,40,0,0,0,,31,0,0,31,15,25,0,0,0,0,,16,0,0,16,0,16,0,0,0,
2021-10-04,TY,1,0,0,1,0,1,0,0,0,,59,0,0,59,4,68,2,0,0,,0,0,0,0,0,0,0,0,0,,98,0,0,98,89,0,0,9,0,0,,40,0,0,40,0,40,0,0,0,
2021-10-05,TDH,21,0,1,20,0,16,5,0,0,,24,1,0,25,4,28,0,0,0,,57,0,3,54,0,71,0,0,0,,51,3,0,54,44,28,8,3,0,0,,29,0,0,29,0,29,0,0,0,

2021-10-05,PTT,7,0,0,7,0,8,0,0,0,,20,0,0,20,0,29,0,0,0,,28,0,0,28,0,32,0,0,0,,3,0,0,3,10,0,0,0,0,0,,22,0,0,22,0,22,0,0,0,
2021-10-05,DQ,10,1,1,10,1,7,2,0,0,,15,1,0,16,3,18,0,0,0,,25,0,0,25,0,40,0,0,0,,31,0,0,31,15,25,0,0,0,0,,16,0,0,16,0,16,0,0,0,
2021-10-05,TY,1,3,3,1,0,1,0,0,0,,57,3,0,60,4,69,2,0,0,,2,0,2,0,0,0,0,0,0,,98,2,0,100,91,0,0,9,0,0,,40,0,0,40,0,40,0,0,0,
2021-10-06,TDH,20,3,0,23,3,16,5,0,0,,24,0,0,24,3,28,0,0,0,,55,0,1,54,0,71,0,0,0,,54,1,0,55,45,28,8,3,0,0,,29,0,0,29,0,29,0,0,0,

2021-10-06,PTT,7,0,0,7,0,8,0,0,0,,20,0,0,20,0,29,0,0,0,,28,0,0,28,0,32,0,0,0,,3,0,0,3,10,0,0,0,0,0,,22,0,0,22,0,22,0,0,0,
2021-10-06,DQ,10,1,1,10,0,8,2,0,0,,16,1,0,17,4,18,0,0,0,,25,0,0,25,0,40,0,0,0,,31,0,0,31,15,25,0,0,0,0,,16,0,0,16,0,16,0,0,0,
2021-10-06,TY,2,3,4,1,0,1,0,0,0,,58,4,0,62,7,68,2,0,0,,1,0,1,0,0,0,0,0,0,,100,1,0,101,92,0,0,9,0,0,,40,0,0,40,0,40,0,0,0,
2021-10-07,TDH,23,3,4,22,1,17,5,0,0,,24,4,0,28,6,29,0,0,0,,54,0,0,54,0,71,0,0,0,,55,0,0,55,45,28,8,3,0,0,,29,0,0,29,0,29,0,0,0,

2021-10-07,PTT,7,1,1,7,0,8,0,0,0,,20,1,0,21,1,29,0,0,0,,28,0,0,28,0,32,0,0,0,,3,0,0,3,10,0,0,0,0,0,,22,0,0,22,0,22,0,0,0,
2021-10-07,DQ,10,0,0,10,0,8,2,0,0,,17,0,0,17,4,18,0,0,0,,25,0,0,25,0,40,0,0,0,,31,0,0,31,15,25,0,0,0,0,,16,0,0,16,0,16,0,0,0,
2021-10-07,TY,1,0,0,1,0,1,0,0,0,,62,0,0,62,7,68,2,0,0,,0,0,0,0,0,0,0,0,0,,17,0,0,17,8,0,0,9,0,0,,40,0,0,40,0,40,0,0,0,
2021-10-08,TDH,22,1,2,21,0,17,5,0,0,,28,2,0,30,7,30,0,0,0,,54,0,0,54,0,71,0,0,0,,55,0,0,55,45,28,8,3,0,0,,29,0,0,29,0,29,0,0,0,

2021-10-08,PTT,7,0,0,7,0,8,0,0,0,,21,0,0,21,0,30,0,0,0,,28,0,0,28,0,32,0,0,0,,3,0,0,3,10,0,0,0,0,0,,22,0,0,22,0,22,0,0,0,
2021-10-08,DQ,10,1,2,9,0,7,2,0,0,,16,2,1,17,4,18,0,0,0,,26,1,1,26,1,40,0,0,0,,31,1,0,32,16,25,0,0,0,0,,16,0,0,16,0,16,0,0,0,
2021-10-08,TY,1,4,4,1,0,1,0,0,0,,62,4,0,66,11,68,2,0,0,,0,0,0,0,0,0,0,0,0,,17,0,0,17,8,0,0,9,0,0,,40,0,0,40,0,40,0,0,0,
2021-10-09,TDH,21,0,0,21,0,17,5,0,0,,30,0,0,30,7,30,0,0,0,,54,0,0,54,0,71,0,0,0,,55,0,0,55,45,28,8,3,0,0,,29,0,0,29,0,29,0,0,0,

2021-10-09,PTT,7,0,0,7,0,8,0,0,0,,21,0,0,21,0,30,0,0,0,,28,0,0,28,0,32,0,0,0,,3,0,0,3,10,0,0,0,0,0,,22,0,0,22,0,22,0,0,0,
2021-10-09,DQ,9,2,1,10,1,7,2,0,0,,17,1,0,18,5,18,0,0,0,,26,0,0,26,0,41,0,0,0,,32,0,0,32,16,25,0,0,0,0,,16,0,0,16,0,16,0,0,0,
2021-10-09,TY,1,0,0,1,0,1,0,0,0,,65,0,0,65,8,70,2,0,0,,1,0,1,0,0,0,0,0,0,,17,1,0,18,9,0,0,9,0,0,,40,0,0,40,0,40,0,0,0,
2021-10-10,TDH,21,0,0,21,0,17,5,0,0,,29,0,0,29,6,30,0,0,0,,54,0,1,53,0,70,0,0,0,,51,1,1,51,41,28,8,3,0,0,,34,1,0,35,1,34,0,0,0,

2021-10-10,PTT,7,0,0,7,0,8,0,0,0,,21,0,0,21,0,30,0,0,0,,28,0,0,28,0,32,0,0,0,,3,0,0,3,10,0,0,0,0,0,,22,0,0,22,0,22,0,0,0,
2021-10-10,DQ,9,0,0,9,0,7,2,0,0,,18,0,0,18,5,18,0,0,0,,26,0,0,26,0,41,0,0,0,,32,0,0,32,16,25,0,0,0,0,,16,0,0,16,0,16,0,0,0,
2021-10-10,TY,2,1,1,2,0,2,0,0,0,,65,1,0,66,5,74,2,0,0,,0,0,0,0,0,0,0,0,0,,18,0,0,18,9,0,0,9,0,0,,40,0,0,40,0,40,0,0,0,
